TANGGAL,NAMA BARANG,QTY,HARGA BELI,HARGA JUAL,REVENUE,LABA,TOTAL LABA,,,
01/12/2025,Kacang Gimbal,3,17000,18000,54000,1000,3000,,,
01/12/2025,Sus,60,3000,3500,210000,500,30000,,,
01/12/2025,Bakwan,56,2000,2500,140000,500,28000,,,
01/12/2025,Ricebowl Pa Hadi,24,12000,13000,312000,1000,24000,,,
01/12/2025,CC Roll,40,1500,2000,80000,500,20000,,,
01/12/2025,Makaroni,350,1600,2500,875000,900,315000,,,
01/12/2025,Rafa Putra,77,1600,2000,154000,400,30800,,,
01/12/2025,Tempe,69,2000,2500,172500,500,34500,,,
01/12/2025,Lontong,55,2000,2500,137500,500,27500,,,
01/12/2025,Makban,300,4000,5000,1500000,1000,300000,,,
01/12/2025,Cicos,25,4000,5000,125000,1000,25000,,,
01/12/2025,Pisang Goreng,40,2000,2500,100000,500,20000,,,
01/12/2025,Brownies,12,7000,8000,96000,1000,12000,,,
01/12/2025,Cireng Japlun,50,2000,2500,125000,500,25000,,,
01/12/2025,Pastel,15,3000,3500,52500,500,7500,,,
01/12/2025,Si Lahetot,99,5000,6000,594000,1000,99000,,,
01/12/2025,Risol Mayo Pedas,58,3000,4000,232000,1000,58000,,,
01/12/2025,Cireng Danu,100,2000,2500,250000,500,50000,,,
01/12/2025,Kentang Goreng,10,9000,10000,100000,1000,10000,,,
01/12/2025,Gemblong,103,2000,2500,257500,500,51500,,,
01/12/2025,Cireng Danu,92,2000,2500,230000,500,46000,,,
01/12/2025,Ricebowl,47,10000,11000,517000,1000,47000,,,
01/12/2025,Otak-Otak,120,1000,2000,240000,1000,120000,,,
01/12/2025,Donat,30,2500,3000,90000,500,15000,,,
01/12/2025,Dadar Gulung,25,2500,3000,75000,500,12500,,,
01/12/2025,Ketan,20,2000,3000,60000,1000,20000,,,
01/12/2025,Nasi Cokot,45,5000,6000,270000,1000,45000,,,
01/12/2025,Baso Cilok Kriwil,20,10000,11000,220000,1000,20000,,,
01/12/2025,Nasi Bakar,10,8000,9000,90000,1000,10000,,,
01/12/2025,Sosis Solo,38,2500,3000,114000,500,19000,,,
01/12/2025,Risol Mayo,125,3000,3500,437500,500,62500,,,
02/12/2025,Sand.Ckl,5,6000,7000,35000,1000,5000,,,
02/12/2025,Sand.Kacang,1,6000,7000,7000,1000,1000,,,
02/12/2025,Sand.Keju,3,6000,7000,21000,1000,3000,,,
02/12/2025,Sandzup.Ckl,3,5000,6000,18000,1000,3000,,,
02/12/2025,Sandzup.Moc,5,5000,6000,30000,1000,5000,,,
02/12/2025,Sandzup.Strw,1,5000,6000,6000,1000,1000,,,
02/12/2025,Choco Bun,9,4000,4500,40500,500,4500,,,
02/12/2025,Choco Cheese GT,11,4000,4500,49500,500,5500,,,
02/12/2025,Straw Bun GT,1,4000,4500,4500,500,500,,,
02/12/2025,Blue Bun GT,1,4000,5000,5000,1000,1000,,,
02/12/2025,Z Krim Keju,1,5000,6000,6000,1000,1000,,,
02/12/2025,Z Krim Moka,1,5000,6000,6000,1000,1000,,,
02/12/2025,Dryk Ckl,3,6000,7000,21000,1000,3000,,,
02/12/2025,Ksr Keju,2,13500,14500,29000,1000,2000,,,
02/12/2025,Sbk Cokelat Keju,1,18000,18500,18500,500,500,,,
02/12/2025,Ksr Krim Meses,1,11500,12500,12500,1000,1000,,,
02/12/2025,Sbk Duo Cokelat Keju,1,8500,9000,9000,500,500,,,
02/12/2025,Chif Cokelat,4,5000,5500,22000,500,2000,,,
02/12/2025,Otak-Otak,140,1000,2000,280000,1000,140000,,,
02/12/2025,Bakwan dan Gehu,50,2000,2500,125000,500,25000,,,
02/12/2025,Gemblong,105,2000,2500,262500,500,52500,,,
02/12/2025,Si Lahetot,107,5000,6000,642000,1000,107000,,,
02/12/2025,Lontong,17,2000,2500,42500,500,8500,,,
02/12/2025,Tempe,44,2000,2500,110000,500,22000,,,
02/12/2025,Cireng Japlun,50,2000,2500,125000,500,25000,,,
02/12/2025,Lumpia Goreng,23,3000,3500,80500,500,11500,,,
02/12/2025,Pastel,25,3000,3500,87500,500,12500,,,
02/12/2025,Ricebowl Pa Hadi,24,12000,13000,312000,1000,24000,,,
02/12/2025,Cibay,22,1500,2000,44000,500,11000,,,
02/12/2025,CC Roll,43,1500,2000,86000,500,21500,,,
02/12/2025,Ricebowl,48,10000,11000,528000,1000,48000,,,
02/12/2025,Kentang Goreng,13,9000,10000,130000,1000,13000,,,
02/12/2025,Onigiri,16,9000,10000,160000,1000,16000,,,
02/12/2025,Risol Mayo Pedas,61,3000,4000,244000,1000,61000,,,
02/12/2025,Donat,29,2500,3000,87000,500,14500,,,
02/12/2025,Ketan,20,2000,3000,60000,1000,20000,,,
02/12/2025,Dadar Gulung,20,2500,3000,60000,500,10000,,,
02/12/2025,Karoket Ayam,30,2500,3000,90000,500,15000,,,
02/12/2025,Baso Cilok Kriwil,30,10000,11000,330000,1000,30000,,,
02/12/2025,Karoket Ayam,22,2500,3000,66000,500,11000,,,
02/12/2025,Nasi Cokot,50,5000,6000,300000,1000,50000,,,
02/12/2025,Pisang Goreng,33,2000,2500,82500,500,16500,,,
02/12/2025,Cicos,22,4000,5000,110000,1000,22000,,,
02/12/2025,Cilok,25,2500,3000,75000,500,12500,,,
02/12/2025,Karoket,20,1500,2000,40000,500,10000,,,
02/12/2025,Rarawuan,20,2000,2500,50000,500,10000,,,
02/12/2025,Bakwan,37,2000,2500,92500,500,18500,,,
02/12/2025,Sus Buah,15,3500,4000,60000,500,7500,,,
02/12/2025,Sus,60,3000,3500,210000,500,30000,,,
02/12/2025,Sosis Solo,46,2500,3000,138000,500,23000,,,
02/12/2025,Spagetti,18,9000,10000,180000,1000,18000,,,
02/12/2025,Risol Mayo,150,3000,3500,525000,500,75000,,,
02/12/2025,Cireng Danu,100,2000,2500,250000,500,50000,,,
03/12/2025,Nasi Cokot,50,5000,6000,300000,1000,50000,,,
03/12/2025,Nasi Bakar,6,8000,9000,54000,1000,6000,,,
03/12/2025,Ricebowl Pa Hadi,29,12000,13000,377000,1000,29000,,,
03/12/2025,Cibay,20,1500,2000,40000,500,10000,,,
03/12/2025,CC Roll,40,1500,2000,80000,500,20000,,,
03/12/2025,Sedaap Mie Cup Goreng,12,4450,6000,72000,1550,18600,,,
03/12/2025,Sedaap Mie Cup Soto,12,4250,6000,72000,1750,21000,,,
03/12/2025,Sedaap Mie Cup Korean Spicy,12,4450,6000,72000,1550,18600,,,
03/12/2025,Sedaap Mie Cup Ayam Jerit,12,4250,6000,72000,1750,21000,,,
03/12/2025,Sedaap Mie Cup Baso Bleduk,12,4250,6000,72000,1750,21000,,,
03/12/2025,Bayam,27,9000,10000,270000,1000,27000,,,
03/12/2025,Risol Mayo Pedas,37,3000,4000,148000,1000,37000,,,
03/12/2025,Sus,76,3000,3500,266000,500,38000,,,
03/12/2025,Bakwan,22,2000,2500,55000,500,11000,,,
03/12/2025,Kentang Goreng,13,9000,10000,130000,1000,13000,,,
03/12/2025,Cireng Japlun,80,2000,2500,200000,500,40000,,,
03/12/2025,Si Lahetot,93,5000,6000,558000,1000,93000,,,
03/12/2025,Lumpia Goreng,25,3000,3500,87500,500,12500,,,
03/12/2025,Pastel,25,3000,3500,87500,500,12500,,,
03/12/2025,Bakwan dan Gehu,54,2000,2500,135000,500,27000,,,
03/12/2025,Pangsit Bojot,22,10000,11000,242000,1000,22000,,,
03/12/2025,Pangsit Goreng,13,9000,10000,130000,1000,13000,,,
03/12/2025,Onigiri,25,9000,10000,250000,1000,25000,,,
03/12/2025,Gemblong,75,2000,2500,187500,500,37500,,,
03/12/2025,Cireng Danu,98,2000,2500,245000,500,49000,,,
03/12/2025,Otak-Otak,130,1000,2000,260000,1000,130000,,,
03/12/2025,Ricebowl,53,10000,11000,583000,1000,53000,,,
03/12/2025,Baso Cilok Kriwil,14,10000,11000,154000,1000,14000,,,
03/12/2025,Cilok,41,2500,3000,123000,500,20500,,,
03/12/2025,Karoket,25,1500,2000,50000,500,12500,,,
03/12/2025,Rarawuan,16,2000,2500,40000,500,8000,,,
03/12/2025,Cicos,24,4000,5000,120000,1000,24000,,,
03/12/2025,Pisang Goreng,24,2000,2500,60000,500,12000,,,
03/12/2025,Donat,28,2500,3000,84000,500,14000,,,
03/12/2025,Ketan,18,2000,3000,54000,1000,18000,,,
03/12/2025,Dadar Gulung,18,2500,3000,54000,500,9000,,,
03/12/2025,Cireng Danu,100,2000,2500,250000,500,50000,,,
03/12/2025,Sosis Solo,56,2500,3000,168000,500,28000,,,
03/12/2025,Spagetti,12,9000,10000,120000,1000,12000,,,
03/12/2025,Risol Mayo,138,3000,3500,483000,500,69000,,,
04/12/2025,Lontong,5,2000,2500,12500,500,2500,,,
04/12/2025,Karoket Ayam,11,2500,3000,33000,500,5500,,,
04/12/2025,Cireng Japlun,48,2000,2500,120000,500,24000,,,
04/12/2025,Lumpia Goreng,10,3000,3500,35000,500,5000,,,
04/12/2025,Pastel,8,3000,3500,28000,500,4000,,,
04/12/2025,Puding,66,2000,2500,165000,500,33000,,,
04/12/2025,Si Lahetot,53,5000,6000,318000,1000,53000,,,
04/12/2025,Pangsit Goreng,9,9000,10000,90000,1000,9000,,,
04/12/2025,Pangsit Bojot,19,10000,11000,209000,1000,19000,,,
04/12/2025,Sus,48,3000,3500,168000,500,24000,,,
04/12/2025,Otak-Otak,84,1000,2000,168000,1000,84000,,,
04/12/2025,Donat,27,2500,3000,81000,500,13500,,,
04/12/2025,Dadar Gulung,3,2500,3000,9000,500,1500,,,
04/12/2025,Ketan,6,2000,3000,18000,1000,6000,,,
04/12/2025,Ricebowl,41,10000,11000,451000,1000,41000,,,
04/12/2025,Ricebowl Pa Hadi,20,12000,13000,260000,1000,20000,,,
04/12/2025,Cibay,11,2000,2500,27500,500,5500,,,
04/12/2025,CC Roll,32,2000,2500,80000,500,16000,,,
04/12/2025,Onigiri,11,9000,10000,110000,1000,11000,,,
04/12/2025,Nasi Cokot,43,5000,6000,258000,1000,43000,,,
04/12/2025,Bakwan dan Gehu,48,2000,2500,120000,500,24000,,,
04/12/2025,Kentang Goreng,6,9000,10000,60000,1000,6000,,,
04/12/2025,Risol Mayo Pedas,37,3000,4000,148000,1000,37000,,,
04/12/2025,Nasi Bakar,5,8000,9000,45000,1000,5000,,,
04/12/2025,Baso Cilok Kriwil,16,10000,11000,176000,1000,16000,,,
04/12/2025,Cicos,11,4000,5000,55000,1000,11000,,,
04/12/2025,Pisang Goreng,13,2000,2500,32500,500,6500,,,
04/12/2025,Cilok,36,2500,3000,108000,500,18000,,,
04/12/2025,Karoket,13,1500,2500,32500,1000,13000,,,
04/12/2025,Rarawuan,11,2000,2500,27500,500,5500,,,
04/12/2025,Cireng Japlun,67,2000,2500,167500,500,33500,,,
04/12/2025,Gemblong,34,2000,2500,85000,500,17000,,,
04/12/2025,Risol Mayo,82,3000,3500,287000,500,41000,,,
04/12/2025,Cireng Danu,100,2000,2500,250000,500,50000,,,
04/12/2025,Spagetti,14,9000,10000,140000,1000,14000,,,
04/12/2025,Sosis Solo,32,2500,3000,96000,500,16000,,,
05/12/2025,Kriwil,36,2500,3000,108000,500,18000,,,
05/12/2025,Seblak Beton,12,2500,3000,36000,500,6000,,,
05/12/2025,Cistik,15,2500,3000,45000,500,7500,,,
05/12/2025,Sand.Ckl,9,6000,7000,63000,1000,9000,,,
05/12/2025,Sand.Kacang,2,6000,7000,14000,1000,2000,,,
05/12/2025,Sand.Keju,7,6000,7000,49000,1000,7000,,,
05/12/2025,Sandzup.Ckl,4,5000,6000,24000,1000,4000,,,
05/12/2025,Sandzup.Strw,2,5000,6000,12000,1000,2000,,,
05/12/2025,Choco Bun,9,4000,4500,40500,500,4500,,,
05/12/2025,Choco Cheese GT,13,4000,4500,58500,500,6500,,,
05/12/2025,Swe Cheese Bun GT,1,4000,4500,4500,500,500,,,
05/12/2025,Straw Bun GT,1,4000,4500,4500,500,500,,,
05/12/2025,Blue Bun GT,2,4000,5000,10000,1000,2000,,,
05/12/2025,Coconut Bun GT,2,6000,7000,14000,1000,2000,,,
05/12/2025,Z Krim Cokelat,1,5000,6000,6000,1000,1000,,,
05/12/2025,Z Krim Chodbl,1,5000,6000,6000,1000,1000,,,
05/12/2025,Dryk Ckl,4,6000,7000,28000,1000,4000,,,
05/12/2025,Dryk Martabak,1,6000,7000,7000,1000,1000,,,
05/12/2025,Dryk Nastar,1,6000,7000,7000,1000,1000,,,
05/12/2025,Ksr Keju,1,14000,14500,14500,500,500,,,
05/12/2025,Sbk Cokelat,1,18000,18500,18500,500,500,,,
05/12/2025,Ksr Krim Meses,1,11500,12500,12500,1000,1000,,,
05/12/2025,Sbk Duo Cokelat,2,8000,9500,19000,1500,3000,,,
05/12/2025,Sbk Duo Cokelat Keju,1,8500,9000,9000,500,500,,,
05/12/2025,Chif Cokelat,4,5000,5500,22000,500,2000,,,
05/12/2025,Chif Pandan,1,5000,5500,5500,500,500,,,
05/12/2025,Waffle Ori,1,5000,5500,5500,500,500,,,
05/12/2025,Sus,25,3000,3500,87500,500,12500,,,
05/12/2025,Otak-Otak,67,1000,2000,134000,1000,67000,,,
05/12/2025,Keriwil,30,2500,3000,90000,500,15000,,,
05/12/2025,Seblak Beton,18,2500,3000,54000,500,9000,,,
05/12/2025,Cistik,8,2500,3000,24000,500,4000,,,
05/12/2025,Karoket Ayam,15,2500,3000,45000,500,7500,,,
05/12/2025,Makaroni,200,4000,5000,1000000,1000,200000,,,
05/12/2025,Si Lahetot,42,5000,6000,252000,1000,42000,,,
05/12/2025,Milo Kaleng,48,"8571,041667",10000,480000,"1428,958333",68590,,,
05/12/2025,Nescafe Kaleng,48,"5729,166667",7000,336000,"1270,833333",61000,,,
05/12/2025,Cococrunch,40,1700,2000,80000,300,12000,,,
05/12/2025,Kripca Pedas Kecil,70,4000,5000,350000,1000,70000,,,
05/12/2025,Kripca Pedas Sedang,110,8000,9000,990000,1000,110000,,,
05/12/2025,Ricebowl Pa Hadi,20,12000,13000,260000,1000,20000,,,
05/12/2025,CC Roll,39,1500,2000,78000,500,19500,,,
05/12/2025,Nasi Cokot,35,5000,6000,210000,1000,35000,,,
05/12/2025,Ricebowl,18,10000,11000,198000,1000,18000,,,
05/12/2025,Cilok,20,2500,3000,60000,500,10000,,,
05/12/2025,Karoket,20,1500,2000,40000,500,10000,,,
05/12/2025,Cireng Danu,100,2000,2500,250000,500,50000,,,
05/12/2025,Risol Mayo,57,3000,3500,199500,500,28500,,,
05/12/2025,Aice Sweet Corn,40,2400,3000,120000,600,24000,,,
05/12/2025,Aice Strawberry Crispy,50,2200,3500,175000,1300,65000,,,
05/12/2025,Aice Crispy Balls Cookies N Cream Stick,30,3950,5000,150000,1050,31500,,,
05/12/2025,Aice Chocoate Sundae Cup,24,"4041,666667",4500,108000,"458,3333333",11000,,,
05/12/2025,Aice Strawberry Sundae Cup,24,"4041,666667",5000,120000,"958,3333333",23000,,,
05/12/2025,Aice Ria-Ria Kacang Hijau,60,2000,3000,180000,1000,60000,,,
05/12/2025,Aice Mangoslush Less Sugar,30,"4033,333333",4500,135000,"466,6666667",14000,,,
05/12/2025,Mooochi Mango,40,"2362,5",3000,120000,"637,5",25500,,,
05/12/2025,Mooochi Vanilla,40,"2362,5",3000,120000,"637,5",25500,,,
05/12/2025,Aice Berry Choco Max Cone,53,"2471,698113",3000,159000,"528,3018868",28000,,,
05/12/2025,Aice Chocolate Max Cone,53,"2471,698113",3000,159000,"528,3018868",28000,,,
05/12/2025,Aice Crispy Balls,30,3950,5000,150000,1050,31500,,,
05/12/2025,Aice Sesame Crispy,30,5100,6000,180000,900,27000,,,
05/12/2025,Aice Histeria Matcha,40,3800,5000,200000,1200,48000,,,
05/12/2025,Spagetti,9,9000,10000,90000,1000,9000,,,
05/12/2025,Sosis Solo,34,2500,3000,102000,500,17000,,,
06/12/2025,Sus,25,3000,3500,87500,500,12500,,,
06/12/2025,Bakwan,30,2000,2500,75000,500,15000,,,
06/12/2025,Spagetti,11,9000,10000,110000,1000,11000,,,
06/12/2025,Sosis Solo,28,2500,3000,84000,500,14000,,,
10/12/2025,Brownies,17,7000,8000,136000,1000,17000,,,
10/12/2025,Pikdas,100,4000,5000,500000,1000,100000,,,
10/12/2025,Lontong,22,2000,2500,55000,500,11000,,,
10/12/2025,Tempe,34,2000,2500,85000,500,17000,,,
10/12/2025,Ricebowl,17,10000,11000,187000,1000,17000,,,
10/12/2025,Hanaang,60,6000,7500,450000,1500,90000,,,
10/12/2025,Nasi Cokot,30,5000,6000,180000,1000,30000,,,
10/12/2025,Ricebowl,43,10000,11000,473000,1000,43000,,,
10/12/2025,Baso Cilok Kriwil,30,10000,11000,330000,1000,30000,,,
10/12/2025,Cireng Danu,100,2000,2500,250000,500,50000,,,
10/12/2025,Risol Mayo,100,3000,3500,350000,500,50000,,,
10/12/2025,Spagetti,20,9000,10000,200000,1000,20000,,,
10/12/2025,Sosis Solo,44,2500,3000,132000,500,22000,,,
10/12/2025,Rafa Putra,151,1600,2000,302000,400,60400,,,
10/12/2025,Cookies,22,6000,7000,154000,1000,22000,,,
10/12/2025,Al Ma'soem,1416,"1291,666667",3000,4248000,"1708,333333",2419000,,,
11/12/2025,Bayam,13,9000,10000,130000,1000,13000,,,
11/12/2025,Brownies,17,6000,7000,119000,1000,17000,,,
11/12/2025,Refail Pedas,25,5000,6000,150000,1000,25000,,,
11/12/2025,Refail Asin,25,5000,6000,150000,1000,25000,,,
11/12/2025,Kripca Pedas,20,5000,6000,120000,1000,20000,,,
11/12/2025,Kripca Asin,20,5000,6000,120000,1000,20000,,,
11/12/2025,Lidi Pedas,20,5000,6000,120000,1000,20000,,,
11/12/2025,Lidi Keju,20,5000,6000,120000,1000,20000,,,
11/12/2025,Keriwil,20,5000,6000,120000,1000,20000,,,
11/12/2025,Ricebowl,25,10000,11000,275000,1000,25000,,,
11/12/2025,Si Lahetot,87,5000,6000,522000,1000,87000,,,
11/12/2025,Waffle,25,5000,5500,137500,500,12500,,,
11/12/2025,Mie Gulung Pedas,35,4000,5000,175000,1000,35000,,,
11/12/2025,Baso Cilok Kriwil,30,10000,11000,330000,1000,30000,,,
11/12/2025,Dimsum Mentai,12,10000,11000,132000,1000,12000,,,
11/12/2025,Ricebowl,30,10000,11000,330000,1000,30000,,,
11/12/2025,Risol Mayo Pedas,50,3000,4000,200000,1000,50000,,,
11/12/2025,Nasi Cokot,31,5000,6000,186000,1000,31000,,,
11/12/2025,Cireng Danu,100,2000,2500,250000,500,50000,,,
11/12/2025,Kentang Goreng,15,9000,10000,150000,1000,15000,,,
11/12/2025,Spagetti,17,9000,10000,170000,1000,17000,,,
11/12/2025,Sosis Solo,28,2500,3000,84000,500,14000,,,
11/12/2025,Sosis Solo,146,3000,3500,511000,500,73000,,,
12/12/2025,Sand.Ckl,4,6000,7000,28000,1000,4000,,,
12/12/2025,Sand.Kacang,1,6000,7000,7000,1000,1000,,,
12/12/2025,Sand.Keju,1,6000,7000,7000,1000,1000,,,
12/12/2025,Sand.Sarikaya,1,6000,7000,7000,1000,1000,,,
12/12/2025,Sandzup.Ckl,2,5000,6000,12000,1000,2000,,,
12/12/2025,Sandzup.Moc,5,5000,6000,30000,1000,5000,,,
12/12/2025,Sandzup.Strw,1,5000,6000,6000,1000,1000,,,
12/12/2025,Choco Bun,6,4000,4500,27000,500,3000,,,
12/12/2025,Choco Cheese GT,10,4000,4500,45000,500,5000,,,
12/12/2025,Straw Bun GT,1,4000,4500,4500,500,500,,,
12/12/2025,Z Krim Keju,1,5000,6000,6000,1000,1000,,,
12/12/2025,Z Krim Moka,1,5000,6000,6000,1000,1000,,,
12/12/2025,Dryk Ckl,2,6000,7000,14000,1000,2000,,,
12/12/2025,Dryk Straw,1,6000,7000,7000,1000,1000,,,
12/12/2025,Ksr Keju,3,14000,14500,43500,500,1500,,,
12/12/2025,Sisir Mentega,1,11000,12000,12000,1000,1000,,,
12/12/2025,Sbk Cokelat Keju,1,18000,18500,18500,500,500,,,
12/12/2025,Sbk Cokelat Sarikaya,1,18000,18500,18500,500,500,,,
12/12/2025,Sbk Duo Cokelat Keju,1,8500,9000,9000,500,500,,,
12/12/2025,Chif Cokelat,3,5000,5500,16500,500,1500,,,
12/12/2025,Cireng Japlun,50,2000,2500,125000,500,25000,,,
12/12/2025,Cireng Danu,100,2000,2500,250000,500,50000,,,
12/12/2025,Ricebowl,20,10000,11000,220000,1000,20000,,,
12/12/2025,Karoket Ayam,15,2500,3000,45000,500,7500,,,
12/12/2025,Si Lahetot,89,5000,6000,534000,1000,89000,,,
12/12/2025,Ricebowl,14,10000,11000,154000,1000,14000,,,
12/12/2025,Nasi Cokot,35,5000,6000,210000,1000,35000,,,
12/12/2025,Risol Mayo,123,3000,3500,430500,500,61500,,,
12/12/2025,Spagetti,16,9000,10000,160000,1000,16000,,,
12/12/2025,Sosis Solo,44,2500,3000,132000,500,22000,,,
13/12/2025,Milo Kaleng,72,"8571,041667",10000,720000,"1428,958333",102885,,,
13/12/2025,Makban,100,4000,5000,500000,1000,100000,,,
13/12/2025,Makban,100,4000,5000,500000,1000,100000,,,
13/12/2025,Bakwan,33,2000,2500,82500,500,16500,,,
13/12/2025,Ricebowl,15,10000,11000,165000,1000,15000,,,
13/12/2025,Si Lahetot,26,5000,6000,156000,1000,26000,,,
13/12/2025,Spagetti,17,9000,10000,170000,1000,17000,,,
13/12/2025,Sosis Solo,46,2500,3000,138000,500,23000,,,
15/12/2025,Makaroni Spiral,36,5000,6000,216000,1000,36000,,,
15/12/2025,Cookies,24,6000,7000,168000,1000,24000,,,
15/12/2025,Lontong,23,2000,2500,57500,500,11500,,,
15/12/2025,Kapal Api Mix,30,1750,3000,90000,1250,37500,,,
15/12/2025,Indocafemix,30,1550,3000,90000,1450,43500,,,
15/12/2025,Sedaap Mie Cup Goreng,24,4450,6000,144000,1550,37200,,,
15/12/2025,Sedaap Mie Cup Korean Spicy,12,4450,6000,72000,1550,18600,,,
15/12/2025,Sedaap Mie Cup Ayam Jerit,12,4250,6000,72000,1750,21000,,,
15/12/2025,Sedaap Mie Cup Ayam Nampool,12,4250,6000,72000,1750,21000,,,
15/12/2025,Lunch Pack Choco Lava,12,5000,6000,72000,1000,12000,,,
15/12/2025,Lunch Pack Cheese Lava,12,5000,6000,72000,1000,12000,,,
15/12/2025,Sandwich Margarin Manis,6,4500,5000,30000,500,3000,,,
15/12/2025,Sandwich Cokelat,6,4500,5000,30000,500,3000,,,
15/12/2025,Sandwich Sarikaya,2,4500,5000,10000,500,1000,,,
15/12/2025,Sobek Cokelat,2,16500,17000,34000,500,1000,,,
15/12/2025,Sobek Cokelat Keju,2,16500,17000,34000,500,1000,,,
15/12/2025,Sobek Cokelat Susu,2,16500,17000,34000,500,1000,,,
15/12/2025,Funwari Roll Cokelat,5,6000,7000,35000,1000,5000,,,
15/12/2025,Funwari Roll Cheese,6,6000,7000,42000,1000,6000,,,
15/12/2025,Roti Isi Cokelat,1,5000,6000,6000,1000,1000,,,
15/12/2025,Roti Isi Susu,1,5000,6000,6000,1000,1000,,,
15/12/2025,Roti Isi Keju,2,5000,6000,12000,1000,2000,,,
15/12/2025,Steam Cake Cheese,2,9000,10000,20000,1000,2000,,,
15/12/2025,Steam Cake Chocolate,2,9000,10000,20000,1000,2000,,,
15/12/2025,Steam Cake Red Velvet,2,9000,10000,20000,1000,2000,,,
15/12/2025,Steam Cake Cheese Choco,1,9000,10000,10000,1000,1000,,,
15/12/2025,Steam Cake Strawberry Choco,2,9000,10000,20000,1000,2000,,,
15/12/2025,Danish Bread Cheese,1,16500,17500,17500,1000,1000,,,
15/12/2025,Pie Cheese,1,7500,8000,8000,500,500,,,
15/12/2025,Danish Roll Triple Cheese,3,7500,8500,25500,1000,3000,,,
15/12/2025,Twist Chocolate,3,6000,7000,21000,1000,3000,,,
15/12/2025,Bakwan,50,2000,2500,125000,500,25000,,,
15/12/2025,Sus,63,3000,3500,220500,500,31500,,,
15/12/2025,Cireng Japlun,40,2000,2500,100000,500,20000,,,
15/12/2025,CC Roll,48,1500,2000,96000,500,24000,,,
15/12/2025,Ricebowl Pa Hadi,35,12000,13000,455000,1000,35000,,,
15/12/2025,Nasi Bakar,10,8000,9000,90000,1000,10000,,,
15/12/2025,Nasi Cokot,49,5000,6000,294000,1000,49000,,,
15/12/2025,Waffle,25,5000,5500,137500,500,12500,,,
15/12/2025,Baso Cilok Kriwil,29,10000,11000,319000,1000,29000,,,
15/12/2025,Rafa Putra,90,1600,2000,180000,400,36000,,,
15/12/2025,Cicos,25,4000,5000,125000,1000,25000,,,
15/12/2025,Pisang Goreng,36,2000,2500,90000,500,18000,,,
15/12/2025,Cilok,50,2500,3000,150000,500,25000,,,
15/12/2025,Karoket,25,1500,2000,50000,500,12500,,,
15/12/2025,Hanaang,60,6500,7500,450000,1000,60000,,,
15/12/2025,Pangsit Bojot,30,10000,11000,330000,1000,30000,,,
15/12/2025,Pangsit Goreng,10,9000,10000,100000,1000,10000,,,
15/12/2025,Kentang Goreng,13,9000,10000,130000,1000,13000,,,
15/12/2025,Donat,30,2500,3000,90000,500,15000,,,
15/12/2025,Dadar Gulung,19,2500,3000,57000,500,9500,,,
15/12/2025,Ketan,20,2000,3000,60000,1000,20000,,,
15/12/2025,Si Lahetot,100,5000,6000,600000,1000,100000,,,
15/12/2025,Otak-Otak,130,1000,2000,260000,1000,130000,,,
15/12/2025,Spagetti,20,9000,10000,200000,1000,20000,,,
15/12/2025,Sosis Solo,20,2500,3000,60000,500,10000,,,
15/12/2025,Ricebowl,43,10000,11000,473000,1000,43000,,,
15/12/2025,Risol Mayo,134,3000,3500,469000,500,67000,,,
15/12/2025,Honeymon,48,5900,6000,288000,100,4800,,,
15/12/2025,Ades,216,"1812,5",3500,756000,"1687,5",364500,,,
15/12/2025,Frestea Markisa,36,3104,4000,144000,896,32256,,,
15/12/2025,Frestea Apple,36,3104,4000,144000,896,32256,,,
15/12/2025,Frestea Jasmine,36,3104,4000,144000,896,32256,,,
15/12/2025,Frestea Green Honey Mint,36,3104,4000,144000,896,32256,,,
15/12/2025,Frestea Blackcurrant,36,3104,4000,144000,896,32256,,,
16/12/2025,Hanaang,60,6500,7500,450000,1000,60000,,,
16/12/2025,Es Lilin Buah,50,2000,2500,125000,500,25000,,,
16/12/2025,Lumpia Kering Pedas,32,4000,4500,144000,500,16000,,,
16/12/2025,Bakwan,58,2000,2500,145000,500,29000,,,
16/12/2025,Sus,49,3000,3500,171500,500,24500,,,
16/12/2025,Ricebowl,64,10000,11000,704000,1000,64000,,,
16/12/2025,Cilok,66,2500,3000,198000,500,33000,,,
16/12/2025,Karoket,30,1500,2000,60000,500,15000,,,
16/12/2025,Cireng Danu,100,2000,2500,250000,500,50000,,,
16/12/2025,Cicos,20,4000,5000,100000,1000,20000,,,
16/12/2025,Pisang Goreng,32,2000,2500,80000,500,16000,,,
16/12/2025,Waffle,17,5000,5500,93500,500,8500,,,
16/12/2025,Cookies,25,6000,7000,175000,1000,25000,,,
16/12/2025,Tempe,60,2000,2500,150000,500,30000,,,
16/12/2025,Kentang Goreng,21,9000,10000,210000,1000,21000,,,
16/12/2025,Ricebowl Pa Hadi,33,12000,13000,429000,1000,33000,,,
16/12/2025,Cibay,25,1500,2000,50000,500,12500,,,
16/12/2025,CC Roll,50,1500,2000,100000,500,25000,,,
16/12/2025,Baso Cilok Kriwil,30,10000,11000,330000,1000,30000,,,
16/12/2025,Sandzup.Ckl,5,5000,6000,30000,1000,5000,,,
16/12/2025,Sandzup.Moc,2,5000,6000,12000,1000,2000,,,
16/12/2025,Sandzup.Strw,2,5000,6000,12000,1000,2000,,,
16/12/2025,Choco Bun,8,4000,4500,36000,500,4000,,,
16/12/2025,Choco Cheese GT,13,4000,4500,58500,500,6500,,,
16/12/2025,Swe Cheese Bun GT,1,4000,4500,4500,500,500,,,
16/12/2025,Straw Bun GT,1,4000,4500,4500,500,500,,,
16/12/2025,Blue Bun GT,2,4000,5000,10000,1000,2000,,,
16/12/2025,Coconut Bun GT,2,4000,4500,9000,500,1000,,,
16/12/2025,Dryk Ckl,3,6000,7000,21000,1000,3000,,,
16/12/2025,Dryk Straw,1,6000,7000,7000,1000,1000,,,
16/12/2025,Chif Cokelat,4,5000,5500,22000,500,2000,,,
16/12/2025,Chif Pandan,1,5000,5500,5500,500,500,,,
16/12/2025,Sbk Duo Cokelat,2,8000,9500,19000,1500,3000,,,
16/12/2025,Sbk Duo Cokelat Keju,1,8500,9000,9000,500,500,,,
16/12/2025,Nasi Cokot,60,5000,6000,360000,1000,60000,,,
16/12/2025,Karoket Ayam,30,2500,3000,90000,500,15000,,,
16/12/2025,Donat,38,2500,3000,114000,500,19000,,,
16/12/2025,Ketan,22,2000,3000,66000,1000,22000,,,
16/12/2025,Dadar Gulung,14,2500,3000,42000,500,7000,,,
16/12/2025,Pangsit Bojot,34,10000,11000,374000,1000,34000,,,
16/12/2025,Pangsit Goreng,11,9000,10000,110000,1000,11000,,,
16/12/2025,Otak-Otak,130,1000,2000,260000,1000,130000,,,
16/12/2025,Nasi Bakar,10,8000,9000,90000,1000,10000,,,
16/12/2025,Cireng Danu,94,2000,2500,235000,500,47000,,,
16/12/2025,Gemblong,98,2000,2500,245000,500,49000,,,
16/12/2025,Si Lahetot,100,5000,6000,600000,1000,100000,,,
16/12/2025,Risol Mayo,145,3000,3500,507500,500,72500,,,
16/12/2025,Sosis Solo,56,2500,3000,168000,500,28000,,,
16/12/2025,Spagetti,18,9000,10000,180000,1000,18000,,,
17/12/2025,Cookies,25,6000,7000,175000,1000,25000,,,
17/12/2025,Brownies,25,6000,7000,175000,1000,25000,,,
17/12/2025,Bayam,9,9000,10000,90000,1000,9000,,,
17/12/2025,Bakwan,43,2000,2500,107500,500,21500,,,
17/12/2025,Sus,54,3000,3500,189000,500,27000,,,
17/12/2025,Lumpia Goreng,20,3000,3500,70000,500,10000,,,
17/12/2025,Pastel,20,3000,3500,70000,500,10000,,,
17/12/2025,Pangsit Bojot,36,10000,11000,396000,1000,36000,,,
17/12/2025,Pangsit Goreng,14,9000,10000,140000,1000,14000,,,
17/12/2025,Nasi Bakar,10,8000,9000,90000,1000,10000,,,
17/12/2025,Cicos,40,4000,5000,200000,1000,40000,,,
17/12/2025,Pisang Goreng,50,2000,2500,125000,500,25000,,,
17/12/2025,Cilok,70,2500,3000,210000,500,35000,,,
17/12/2025,Karoket,25,1500,2000,50000,500,12500,,,
17/12/2025,Rarawuan,20,2000,2500,50000,500,10000,,,
17/12/2025,Baso Cilok Kriwil,29,10000,11000,319000,1000,29000,,,
17/12/2025,Donat,35,2500,3000,105000,500,17500,,,
17/12/2025,Dadar Gulung,25,2500,3000,75000,500,12500,,,
17/12/2025,Ketan,25,2000,3000,75000,1000,25000,,,
17/12/2025,Kentang Goreng,24,9000,10000,240000,1000,24000,,,
17/12/2025,Nasi Cokot,60,5000,6000,360000,1000,60000,,,
17/12/2025,Si Lahetot,100,5000,6000,600000,1000,100000,,,
17/12/2025,Hanaang,60,6500,7500,450000,1000,60000,,,
17/12/2025,Bakwan dan Gehu,85,2000,2500,212500,500,42500,,,
17/12/2025,Brownies,17,6000,7000,119000,1000,17000,,,
17/12/2025,Ricebowl,46,10000,11000,506000,1000,46000,,,
17/12/2025,Ricebowl Pa Hadi,34,12000,13000,442000,1000,34000,,,
17/12/2025,Cibay,28,1500,2000,56000,500,14000,,,
17/12/2025,CC Roll,47,1500,2000,94000,500,23500,,,
17/12/2025,Gemblong,94,2000,2500,235000,500,47000,,,
17/12/2025,Karoket Ayam,27,2500,3000,81000,500,13500,,,
17/12/2025,Otak-Otak,120,1000,2000,240000,1000,120000,,,
17/12/2025,Spagetti,25,9000,10000,250000,1000,25000,,,
17/12/2025,Sosis Solo,52,2500,3000,156000,500,26000,,,
17/12/2025,Risol Mayo,140,3000,3500,490000,500,70000,,,
18/12/2025,Cireng Danu,95,2000,2500,237500,500,47500,,,
18/12/2025,Gemblong,84,2000,2500,210000,500,42000,,,
18/12/2025,Moring Sedang Pedas,65,8000,9000,585000,1000,65000,,,
18/12/2025,Moring Kecil Pedas,40,4000,5000,200000,1000,40000,,,
18/12/2025,Moring Sedang Ori,35,8000,9000,315000,1000,35000,,,
18/12/2025,Moring Kecil Ori,25,4000,5000,125000,1000,25000,,,
18/12/2025,Basreng,100,5000,6000,600000,1000,100000,,,
18/12/2025,Makban,300,4000,5000,1500000,1000,300000,,,
18/12/2025,Moring,96,4000,5000,480000,1000,96000,,,
18/12/2025,Milo Kaleng,48,"8571,041667",10000,480000,"1428,958333",68590,,,
18/12/2025,Nescafe Kaleng,48,"5729,166667",7000,336000,"1270,833333",61000,,,
18/12/2025,Ali Agrem,9,2000,2500,22500,500,4500,,,
18/12/2025,Lontong,38,2000,2500,95000,500,19000,,,
18/12/2025,Tempe,51,2000,2500,127500,500,25500,,,
18/12/2025,Sedaap Mie Cup Goreng,24,4450,6000,144000,1550,37200,,,
18/12/2025,Sedaap Mie Cup Korean Spicy,12,4450,6000,72000,1550,18600,,,
18/12/2025,Sedaap Mie Cup Ayam Jerit,12,4250,6000,72000,1750,21000,,,
18/12/2025,Sedaap Mie Cup Ayam Nampool,12,4250,6000,72000,1750,21000,,,
18/12/2025,Bakwan,39,2000,2500,97500,500,19500,,,
18/12/2025,Sus,60,3000,3500,210000,500,30000,,,
18/12/2025,Nasi Bakar,10,8000,9000,90000,1000,10000,,,
18/12/2025,Cilok,70,2500,3000,210000,500,35000,,,
18/12/2025,Karoket,30,1500,2000,60000,500,15000,,,
18/12/2025,Rarawuan,20,2000,2500,50000,500,10000,,,
18/12/2025,Pangsit Bojot,35,10000,11000,385000,1000,35000,,,
18/12/2025,Pangsit Goreng,15,9000,10000,150000,1000,15000,,,
18/12/2025,Ricebowl Pa Hadi,34,12000,13000,442000,1000,34000,,,
18/12/2025,Cibay,32,1500,2000,64000,500,16000,,,
18/12/2025,CC Roll,50,1500,2000,100000,500,25000,,,
18/12/2025,Donat,35,2500,3000,105000,500,17500,,,
18/12/2025,Dadar Gulung,20,2500,3000,60000,500,10000,,,
18/12/2025,Ketan,25,2000,3000,75000,1000,25000,,,
18/12/2025,Otak-Otak,100,1000,2000,200000,1000,100000,,,
18/12/2025,Bakwan dan Gehu,100,2000,2500,250000,500,50000,,,
18/12/2025,Cireng Japlun,50,2000,2500,125000,500,25000,,,
18/12/2025,Nasi Cokot,60,5000,6000,360000,1000,60000,,,
18/12/2025,Cicos,40,4000,5000,200000,1000,40000,,,
18/12/2025,Pisang Goreng,40,2000,2500,100000,500,20000,,,
18/12/2025,Baso Cilok Kriwil,30,10000,11000,330000,1000,30000,,,
18/12/2025,Waffle,30,5000,5500,165000,500,15000,,,
18/12/2025,Ricebowl,38,10000,11000,418000,1000,38000,,,
18/12/2025,Si Lahetot,108,5000,6000,648000,1000,108000,,,
18/12/2025,Cireng Danu,100,2000,2500,250000,500,50000,,,
18/12/2025,Kentang Goreng,22,9000,10000,220000,1000,22000,,,
18/12/2025,Pastel,20,3000,3500,70000,500,10000,,,
18/12/2025,Lumpia Goreng,21,3000,3500,73500,500,10500,,,
18/12/2025,Elang Snack,47,8500,9000,423000,500,23500,,,
18/12/2025,Risol Mayo,143,3000,3500,500500,500,71500,,,
18/12/2025,Spagetti,20,9000,10000,200000,1000,20000,,,
18/12/2025,Sosis Solo,36,2500,3000,108000,500,18000,,,
19/12/2025,Brownies,17,6000,8000,136000,2000,34000,,,
19/12/2025,Ultra 200 Ml,72,"4708,333333",5500,396000,"791,6666667",57000,,,
19/12/2025,Floridina,24,2750,3000,72000,250,6000,,,
19/12/2025,Chocolatos,72,875,1000,72000,125,9000,,,
19/12/2025,Sari Gandum,24,1750,2000,48000,250,6000,,,
19/12/2025,Dilan,24,"1666,666667",2000,48000,"333,3333333",8000,,,
19/12/2025,Bakwan dan Gehu,59,2000,2500,147500,500,29500,,,
19/12/2025,Gemblong,62,2000,2500,155000,500,31000,,,
19/12/2025,Kripca Balado,21,4500,5000,105000,500,10500,,,
19/12/2025,Kripca Ori,20,4500,5000,100000,500,10000,,,
19/12/2025,Kripca Pedas,29,4500,6000,174000,1500,43500,,,
19/12/2025,Nasi Bakar,5,8000,9000,45000,1000,5000,,,
19/12/2025,Sand.Ckl,3,6000,7000,21000,1000,3000,,,
19/12/2025,Sand.Keju,2,6000,7000,14000,1000,2000,,,
19/12/2025,Choco Bun,3,4000,4500,13500,500,1500,,,
19/12/2025,Choco Cheese GT,3,4000,4500,13500,500,1500,,,
19/12/2025,Straw Bun GT,1,4000,4500,4500,500,500,,,
19/12/2025,Blue Bun GT,1,4000,5000,5000,1000,1000,,,
19/12/2025,Dryk Ckl,2,6000,7000,14000,1000,2000,,,
19/12/2025,Dryk Straw,2,6000,7000,14000,1000,2000,,,
19/12/2025,Ekado,4,8000,9000,36000,1000,4000,,,
19/12/2025,Pangsit Bojot,13,10000,11000,143000,1000,13000,,,
19/12/2025,Pangsit Goreng,9,9000,10000,90000,1000,9000,,,
19/12/2025,Bakwan,15,2000,2500,37500,500,7500,,,
19/12/2025,Waffle,20,5000,5500,110000,500,10000,,,
19/12/2025,Cireng Danu,100,2000,2500,250000,500,50000,,,
19/12/2025,Brownies,17,6000,7000,119000,1000,17000,,,
19/12/2025,Tempe,36,2000,2500,90000,500,18000,,,
19/12/2025,Lontong,10,2000,2500,25000,500,5000,,,
19/12/2025,Ali Agrem,16,2000,2500,40000,500,8000,,,
19/12/2025,Cilok,51,2500,3000,153000,500,25500,,,
19/12/2025,Karoket,20,1500,2000,40000,500,10000,,,
19/12/2025,Otak-Otak,61,1000,2000,122000,1000,61000,,,
19/12/2025,Ricebowl,25,10000,11000,275000,1000,25000,,,
19/12/2025,Risoles,20,1500,2000,40000,500,10000,,,
19/12/2025,Cireng Irfan,25,1500,2000,50000,500,12500,,,
19/12/2025,Donat,34,2500,3000,102000,500,17000,,,
19/12/2025,Dadar Gulung,13,2500,3000,39000,500,6500,,,
19/12/2025,Ketan,7,2000,3000,21000,1000,7000,,,
19/12/2025,Lumpia Goreng,17,3000,3500,59500,500,8500,,,
19/12/2025,Pastel,18,3000,3500,63000,500,9000,,,
19/12/2025,Si Lahetot,70,5000,6000,420000,1000,70000,,,
19/12/2025,Cireng Japlun,50,2000,2500,125000,500,25000,,,
19/12/2025,Nasi Cokot,50,5000,6000,300000,1000,50000,,,
19/12/2025,Kentang Goreng,12,9000,10000,120000,1000,12000,,,
19/12/2025,Risol Mayo,124,3000,3500,434000,500,62000,,,
19/12/2025,Spagetti,13,9000,10000,130000,1000,13000,,,
19/12/2025,Sosis Solo,50,2500,3000,150000,500,25000,,,
20/12/2025,Ekado,4,8000,9000,36000,1000,4000,,,
20/12/2025,Cookies,20,6000,7000,140000,1000,20000,,,
22/12/2025,Sus,67,3000,3500,234500,500,33500,,,
22/12/2025,Bakwan,42,2000,2500,105000,500,21000,,,
22/12/2025,Ricebowl Pa Hadi,35,12000,13000,455000,1000,35000,,,
22/12/2025,CC Roll,60,1500,2000,120000,500,30000,,,
22/12/2025,Cilok,71,2500,3000,213000,500,35500,,,
22/12/2025,Karoket,32,1500,2000,64000,500,16000,,,
22/12/2025,Risoles,20,1500,2000,40000,500,10000,,,
22/12/2025,Cireng Irfan,30,1500,2000,60000,500,15000,,,
22/12/2025,Cibay,30,1500,2000,60000,500,15000,,,
22/12/2025,Rafa Putra,100,1600,2000,200000,400,40000,,,
22/12/2025,Hanaang,50,6500,7500,375000,1000,50000,,,
22/12/2025,Cireng Danu,100,2000,2500,250000,500,50000,,,
22/12/2025,Cicos,42,4000,5000,210000,1000,42000,,,
22/12/2025,Pisang Goreng,31,2000,2500,77500,500,15500,,,
22/12/2025,Nasi Cokot,60,5000,6000,360000,1000,60000,,,
22/12/2025,Cireng Japlun,78,2000,2500,195000,500,39000,,,
22/12/2025,Nasi Bakar,10,8000,9000,90000,1000,10000,,,
22/12/2025,Tempe,52,2000,2500,130000,500,26000,,,
22/12/2025,Lontong,39,2000,2500,97500,500,19500,,,
22/12/2025,Kentang Goreng,19,9000,10000,190000,1000,19000,,,
22/12/2025,Otak-Otak,130,1000,2000,260000,1000,130000,,,
22/12/2025,Si Lahetot,92,5000,6000,552000,1000,92000,,,
22/12/2025,Ekado,16,8000,9000,144000,1000,16000,,,
22/12/2025,Donat,35,2500,3000,105000,500,17500,,,
22/12/2025,Dadar Gulung,22,2500,3000,66000,500,11000,,,
22/12/2025,Ketan,25,2000,3000,75000,1000,25000,,,
22/12/2025,Ricebowl,42,10000,11000,462000,1000,42000,,,
22/12/2025,Baso Cilok Kriwil,26,10000,11000,286000,1000,26000,,,
22/12/2025,Pangsit Bojot,28,10000,11000,308000,1000,28000,,,
22/12/2025,Pangsit Goreng,12,9000,10000,120000,1000,12000,,,
23/12/2025,Brownies,12,6000,7000,84000,1000,12000,,,
23/12/2025,Nasi Bakar,10,8000,9000,90000,1000,10000,,,
23/12/2025,Sand.Ckl,5,6000,7000,35000,1000,5000,,,
23/12/2025,Sandzup.Strw,6,5000,6000,36000,1000,6000,,,
23/12/2025,Choco Bun,3,4000,4500,13500,500,1500,,,
23/12/2025,Z Krim Cokelat,2,5000,6000,12000,1000,2000,,,
23/12/2025,Z Krim Keju,2,5000,6000,12000,1000,2000,,,
23/12/2025,Z Krim Moka,2,5000,6000,12000,1000,2000,,,
23/12/2025,Dryk Ckl,5,6000,7000,35000,1000,5000,,,
23/12/2025,Dryk Straw,4,6000,7000,28000,1000,4000,,,
23/12/2025,Ksr Keju,1,14000,14500,14500,500,500,,,
23/12/2025,Sbk Cokelat,1,18000,18500,18500,500,500,,,
23/12/2025,Sbk Cokelat Keju,1,18000,18500,18500,500,500,,,
23/12/2025,Ksr Krim Meses,3,11500,12500,37500,1000,3000,,,
23/12/2025,Sbk Duo Cokelat Keju,1,8500,9000,9000,500,500,,,
23/12/2025,Sbk Duo Cokelat Sarikaya,1,8500,9000,9000,500,500,,,
23/12/2025,Chif Cokelat,1,5000,5500,5500,500,500,,,
23/12/2025,Sus,60,3000,3500,210000,500,30000,,,
23/12/2025,Bakwan,28,2000,2500,70000,500,14000,,,
23/12/2025,Ricebowl Pa Hadi,31,12000,13000,403000,1000,31000,,,
23/12/2025,CC Roll,60,1500,2000,120000,500,30000,,,
23/12/2025,Si Lahetot,92,5000,6000,552000,1000,92000,,,
23/12/2025,Risoles,20,1500,2000,40000,500,10000,,,
23/12/2025,Cireng Irfan,30,1500,2000,60000,500,15000,,,
23/12/2025,Cibay,30,1500,2000,60000,500,15000,,,
23/12/2025,Bakwan dan Gehu,77,2000,2500,192500,500,38500,,,
23/12/2025,Cookies,17,6000,7000,119000,1000,17000,,,
23/12/2025,Ali Agrem,23,2000,2500,57500,500,11500,,,
23/12/2025,Lontong,37,2000,2500,92500,500,18500,,,
23/12/2025,Tempe,31,2000,2500,77500,500,15500,,,
23/12/2025,Cireng Danu,95,2000,2500,237500,500,47500,,,
23/12/2025,Karoket Ayam,40,2500,3000,120000,500,20000,,,
23/12/2025,Risol Mayo Pedas,55,3000,4000,220000,1000,55000,,,
23/12/2025,Ricebowl,45,10000,11000,495000,1000,45000,,,
23/12/2025,Lumpia Goreng,11,3000,3500,38500,500,5500,,,
23/12/2025,Pastel,19,3000,3500,66500,500,9500,,,
23/12/2025,Pangsit Bojot,31,10000,11000,341000,1000,31000,,,
23/12/2025,Pangsit Goreng,16,9000,10000,160000,1000,16000,,,
23/12/2025,Baso Cilok Kriwil,19,10000,11000,209000,1000,19000,,,
23/12/2025,Cireng Danu,100,2000,2500,250000,500,50000,,,
23/12/2025,Cicos,45,4000,5000,225000,1000,45000,,,
23/12/2025,Pisang Goreng,28,2000,2500,70000,500,14000,,,
23/12/2025,Donat,35,2500,3000,105000,500,17500,,,
23/12/2025,Dadar Gulung,20,2500,3000,60000,500,10000,,,
23/12/2025,Ketan,25,2000,3000,75000,1000,25000,,,
23/12/2025,Cilok,74,2500,3000,222000,500,37000,,,
23/12/2025,Karoket,33,1500,2000,66000,500,16500,,,
23/12/2025,Ekado,15,8000,9000,135000,1000,15000,,,
23/12/2025,Nasi Cokot,60,5000,6000,360000,1000,60000,,,
23/12/2025,Otak-Otak,111,1000,2000,222000,1000,111000,,,
23/12/2025,Cireng Japlun,50,2000,2500,125000,500,25000,,,
23/12/2025,Risol Mayo,66,3000,3500,231000,500,33000,,,
23/12/2025,Spagetti,16,9000,10000,160000,1000,16000,,,
23/12/2025,Sosis Solo,44,2500,3000,132000,500,22000,,,
24/12/2025,Nasi Bakar,10,8000,9000,90000,1000,10000,,,
24/12/2025,Pangsit Bojot,28,10000,11000,308000,1000,28000,,,
24/12/2025,Pangsit Goreng,12,9000,10000,120000,1000,12000,,,
24/12/2025,Japota Umami Japanese Seaweed,60,1660,2000,120000,340,20400,,,
24/12/2025,Isoplus Coco,24,2400,3000,72000,600,14400,,,
24/12/2025,Sedaap Mie Cup Goreng,24,4450,6000,144000,1550,37200,,,
24/12/2025,Sedaap Mie Cup Soto,11,4250,6000,66000,1750,19250,,,
24/12/2025,Sedaap Mie Cup Korean Spicy,12,4450,6000,72000,1550,18600,,,
24/12/2025,Milku Cokelat,12,"2866,666667",3500,42000,"633,3333333",7600,,,
24/12/2025,Milku Strawberry,12,"2866,666667",3500,42000,"633,3333333",7600,,,
24/12/2025,Sedaap Mie Cup Ayam Jerit,13,4250,6000,78000,1750,22750,,,
24/12/2025,Sedaap Mie Cup Baso Beleduk,12,4250,6000,72000,1750,21000,,,
24/12/2025,Milku Original,12,"2866,666667",3500,42000,"633,3333333",7600,,,
24/12/2025,Floridina,12,"2533,333333",3000,36000,"466,6666667",5600,,,
24/12/2025,Ekado,12,8000,9000,108000,1000,12000,,,
24/12/2025,Mochi,16,4500,5000,80000,500,8000,,,
24/12/2025,Cireng Japlun,50,2000,2500,125000,500,25000,,,
24/12/2025,Ciqist Keripik,33,4000,5000,165000,1000,33000,,,
24/12/2025,Si Lahetot,80,5000,6000,480000,1000,80000,,,
24/12/2025,Nasi Cokot,60,5000,6000,360000,1000,60000,,,
24/12/2025,Bakwan,52,2000,2500,130000,500,26000,,,
24/12/2025,Baso Cilok Kriwil,23,10000,11000,253000,1000,23000,,,
24/12/2025,Donat,35,2500,3000,105000,500,17500,,,
24/12/2025,Dadar Gulung,16,2500,3000,48000,500,8000,,,
24/12/2025,Ketan,25,2000,3000,75000,1000,25000,,,
24/12/2025,Risoles,20,1500,2000,40000,500,10000,,,
24/12/2025,Cireng Irfan,30,1500,2000,60000,500,15000,,,
24/12/2025,Cibay,30,1500,2000,60000,500,15000,,,
24/12/2025,Risol Mayo Pedas,50,3000,4000,200000,1000,50000,,,
24/12/2025,Karoket Ayam,14,2500,3000,42000,500,7000,,,
24/12/2025,Ricebowl,56,10000,11000,616000,1000,56000,,,
24/12/2025,Kentang Goreng,20,9000,10000,200000,1000,20000,,,
24/12/2025,Sus,67,3000,3500,234500,500,33500,,,
24/12/2025,Otak-Otak,116,1000,2000,232000,1000,116000,,,
24/12/2025,Lumpia Goreng,11,3000,3500,38500,500,5500,,,
24/12/2025,Pastel,12,3000,3500,42000,500,6000,,,
24/12/2025,Spagetti,16,9000,10000,160000,1000,16000,,,
24/12/2025,Sosis Solo,48,2500,3000,144000,500,24000,,,
24/12/2025,Risol Mayo,142,3000,3500,497000,500,71000,,,
30/12/2025,Cireng Japlun,67,2000,2500,167500,500,33500,,,
30/12/2025,Bakwan dan Gehu,100,2000,2500,250000,500,50000,,,
30/12/2025,Risoles,20,1500,2000,40000,500,10000,,,
30/12/2025,Cireng Irfan,30,1500,2000,60000,500,15000,,,
30/12/2025,Cibay,30,1500,2000,60000,500,15000,,,
30/12/2025,Makaroni,400,1600,2500,1000000,900,360000,,,
30/12/2025,Karoket Ayam,40,2500,3000,120000,500,20000,,,
TOTAL,,,,,113695000,,21031145,,,
,,,,,113.695.000,,21.031.145,,,
,,,,,,,,,,
,,,,,,,,,,
,,,,,,,,,,
,,,,,,,,,,a