,
ABC Moca,1650
ABC Susu,1750
Adem Sari Chingku Herbal Tea,6200
Adem Sari Chingku Herbal Tea,5800
Adem Sari Chingku Lemon Can,5800
Adem Sari Chingku Lemon Pet,5800
Adem Sari Chingku Madu Lemon,6200
Adem Sari Chingku Madu Lemon,5800
Adem Sari Chingku Sparkling,5800
Adem Sari Chingku Sparkling,6200
Adem Sari Lemon Pet,5800
Ades,1875
Ades,"1812,5"
Ahh Cokelat,375
Aice 3 in 1 Colour,2800
Aice 3 In 1 Colour,2800
Aice Berry Choco Max Cone,"2471,698113"
Aice Chocoate Sundae Cup,"4041,666667"
Aice Chocolate Crispy Stick,2340
Aice Chocolate Max Cone,"2471,698113"
Aice Chocolate Sundae Cup,"2053,5"
Aice Chocolate Sundae Cup,"4041,666667"
Aice Crispy Balls,3950
Aice Crispy Balls Cookies N Cream Stick,3950
Aice Durian Cup,"8594,5"
Aice Histeria Matcha,"6333,333333"
Aice Histeria Matcha,3800
Aice Histeria Peach Stick,"6333,333333"
Aice Histeria Stick,"6333,333333"
Aice Histeria Stick,3800
Aice Juju Apple Stick,2925
Aice Mangoslush Less Sugar,"4033,333333"
Aice Mochi Peach,"2312,5"
Aice Ria Ria Kacang Hijau Stick,2000
Aice Ria-Ria Kacang Hijau,2000
Aice Sesame Crispy,5100
Aice Strawberry Crispy,2750
Aice Strawberry Crispy,2200
Aice Strawberry Stick,2750
Aice Strawberry Sundae Cup,"4041,666667"
Aice Sweet Corn,2400
Al Ma'soem,"1291,666667"
Al Ma'soem,"1313,559322"
Al Ma'soem,1250
Al Ma'soem Gelas,"395,8333333"
Al Ma'soem Kecil,1375
Al Ma'soem Kecil,"1208,333333"
Ali Agrem,1500
Ali Agrem,2000
Arem,2000
Bacang,4500
Bakwan,2000
Bakwan,1500
Bakwan dan Gehu,1500
Bakwan dan Gehu,2000
Baso Cilok Kriwil,10000
Baso Mercon,7000
Baso Mercon,6000
Baso Tahu,9000
Baso Tahu,8000
Basreng,5000
Basreng,2000
Basreng,10000
Bayam,9000
Bear Brand,"9801,666667"
Belimbing,"1666,666667"
Belimbing,4000
Bendera Coklat,830
Bendera Putih,830
Bengbeng,"2176,470588"
Beton,2500
Better,"1416,666667"
Blue Bun GT,4000
Bolen,2500
Bolu Keju,2500
Bolu Kukus,1500
Bolu Pisang,7000
Brownies,7000
Brownies,6000
Buah Potong,7000
Carnation,17500
CC Roll,1500
CC Roll,2000
Cente Manis,2000
Charm 23 cm,1350
Charm Safe Night,2700
Cheetos,10200
Chif Cokelat,5000
Chif Pandan,5000
Chif Pandan,8500
Choco Bun,4000
Choco Cheese GT,4000
Choco Chips,102000
Chocolatos,875
Chocolatos 1000,"895,8333333"
Chocolatos 500,"458,3333333"
Chocolatos 500,"437,5"
Chocolatos 500,"604,1666667"
Chocolatos Dark,"895,8333333"
Chocolatos Mix,"916,6666667"
Chocolatos Rich Roll,"895,8333333"
Chocolatos Rich Roll,875
Choki Choki,900
Cibay,1500
Cibay,2000
Cicos,4500
Cicos,4000
Cikumy,9000
Cilok,2500
Cilok,1500
Cipet Lakar,4000
Ciqist Keripik,4000
Cireng Danu,2000
Cireng Irfan,1500
Cireng Japlun,2000
Cistik,2500
Cococrunch,1700
Coconut Bun GT,4000
Coconut Bun GT,6000
Combro,1500
Cookies,6000
Cookies,9000
Corong,2500
Creamy Latte,1700
Cucur,5000
Dadar Gulung,2500
Dadar Gulung,2000
Dancow Cokelat,"3615,3"
Dancow Putih,"3615,3"
Danish Bread Cheese,16500
Danish Bread Chocolate,16500
Danish Roll Triple Cheese,7500
Dilan,"1666,666667"
Dilan 5 in 1,"1833,333333"
Dimsum,5000
Dimsum Mentai,10000
Donat,2500
Donat,2000
Dryk Ckl,6000
Dryk Martabak,6000
Dryk Nastar,6000
Dryk Pandan Sarikaya,6000
Dryk Straw,6000
Ekado,8000
Elang Snack,8500
Energen Cokelat,1950
Energen Kurma,2300
Energen Vanilla,1950
Energen Vanilla,1800
Es Lilin Buah,2000
Floridina,"1354,166667"
Floridina,2750
Floridina,"2533,333333"
Floridina Coco,"2708,333333"
French Fries,7100
Frestea Apple,3104
Frestea Blackcurrant,3104
Frestea Green Honey,3104
Frestea Green Honey Mint,3104
Frestea Jasmine,3136
Frestea Jasmine,3104
Frestea Markisa,3136
Frestea Markisa,3104
Funwari Roll Cheese,6000
Funwari Roll Cheese,600
Funwari Roll Cokelat,6000
Gaga Otak-Otakku,2100
Gehu,1500
Gemblong,2000
Gemblong,2500
Gery Salut Roll,"437,5"
GO'Nola Chocolate Vanilla,6600
Go'Nola Tripple Berry,6600
Good Day Cappuccino,2100
Good Day Cappucino,2100
Good Day CoolIn,1500
Good Day Coolin,1500
Good Day Freeze,2500
Good Day Moccacino,1500
Good Day Vanilla Latte,1500
Good Time,2150
Hanaang,6500
Hanaang,6000
Honeymon,5500
Honeymon,5900
Ice Roast,1180
Ichitan Brown Sugar,"5945,958333"
Ichitan Green Tea Apple,"3040,541667"
Ichitan Green Tea Blackcurrant,"3040,541667"
Ichitan Green Tea Honey Lemon,"3040,541667"
Ichitan Roasted Cheese,"5945,916667"
Ichitan Thai Coconut Mango,"5945,958333"
Ichitan Thai Milk Green Tea,"5945,958333"
Ichitan Thai Milk Tea,"5945,958333"
Indocafemix,1550
Indocafemix,1700
Isoplus,"1291,666667"
Isoplus Coco,2400
Japota Umami Japanese Seaweed,1660
Jelly,2500
Jetz,4250
Jolly,8500
Kacang Gimbal,17000
Kapal Api Mix,1750
Karoket,1500
Karoket,3000
Karoket Ayam,2500
Kasur Keju,13500
Kentang Goreng,9000
Keriwil,2500
Keriwil,5000
Kerupuk,1600
Kerupuk,4000
Kerupuk Jedar,2000
Kerupuk Kulit,4000
Kerupuk Sapi,4000
Ketan,2500
Ketan,2000
Ketan Japlun,4500
Ketan Japlun,1500
Koko Crunch,1700
Kopi Gadjah,1700
Kopi Sosio,12500
Kopi Sosio,2000
Kripca,2000
Kripca,4500
Kripca Asin,5000
Kripca Balado,4500
Kripca Ori,4500
Kripca Pedas,5000
Kripca Pedas,4500
Kripca Pedas Kecil,4000
Kripca Pedas Sedang,8000
Kripik Ubi,4000
Kriwil,2500
Ksr Keju,13500
Ksr Keju,14000
Ksr Keju,11000
Ksr Krim Meses,11500
Lap,4000
Laurier 500,7000
Lays Chitato,4250
Le Minerale,"1958,333333"
Lemper,2500
Lidi Keju,5000
Lidi Pedas,5000
Lontong,2000
Lontong,1500
Lumpia Goreng,3000
Lumpia Goreng,2000
Lumpia Kering Pedas,4000
Lunch Pack Cheese Cake,5000
lunch Pack Cheese Cake,5000
Lunch Pack Cheese Lava,5000
Lunch Pack Choco Cheese,6000
Lunch Pack Choco Lava,5000
Lunch Pack Clasic Choco,5000
Luwak Hitam,1600
Madu Super Nusantara,3250
Makaroni,2000
Makaroni,1600
Makaroni,4000
Makaroni,"1666,666667"
Makaroni,5000
Makaroni,3200
Makaroni,2500
Makaroni BBQ,5000
Makaroni Jeruk Pedas,5000
Makaroni Rujak,5000
Makaroni Spiral,5000
Makban,4000
Makban,4250
Makroni,5000
Makroni,6000
Max Tea,2500
Mie Gulung Pedas,4000
Milkita,720
Milku Cokelat,"2866,666667"
Milku Original,"2866,666667"
Milku Strawberry,"2866,666667"
Milo 22gr,"1862,5"
Milo kaleng,"8570,958333"
Milo Kaleng,"8571,041667"
Minute Maid Pulpy,"4494,333333"
Mochi,4500
Moci Japlun,2500
Mooochi Mango,"2362,5"
Mooochi Vanilla,"2362,5"
Moring,4000
Moring Asin,5000
Moring Kecil Ori,4000
Moring Kecil Pedas,4000
Moring Pedas,5000
Moring Sedang Ori,8000
Moring Sedang Pedas,8000
Nabati 500,375
Nasi Ayam Serundeng,12000
Nasi Bakar,8000
Nasi Bakar,5000
Nasi Bakar,9000
Nasi Cokot,5000
Nasi Kuning,8500
Nescafe 3 in 1,1470
Nescafe Kaleng,"5729,166667"
Nice Tissue,18900
Nyere Asin,5000
Nyere Pedas,5000
Onde,5000
Onde,5500
Onigiri,9000
Oreo Cheesecake,9000
Oreo Chocolate,"916,6666667"
Otak-Otak,1000
Panada,3000
Pangsit,5000
Pangsit Bojot,10000
Pangsit Goreng,9000
Pastel,2000
Pastel,3000
Pastel,2500
Pempek,9000
Permen,140
Permen Antangin,128
Permen Kaki,130
Permen Kiss,150
Permen Kiss,140
Permen Kopiko,200
Permen Mentos,140
Permen Relaxa,140
Pie Cheese,7500
Pikdas,4000
Pikdas,3500
Pisang Cokelat,4000
Pisang Cokelat,3500
Pisang Goreng,1500
Pisang Goreng,2000
Piscok,3000
Pop Mie,"4791,666667"
Pop Mie Ayam Bawang,"4791,666667"
Pop Mie Ayam Bawang,"3333,333333"
Pop Mie Ayam Bawang,4500
Pop Mie Dower Kuah,5000
Pop Mie Goreng,5000
Pop Mie Soto Ayam,"4791,666667"
Puding,2000
Rafa Putra,1600
Rafael Pedas,5000
Ramban,1500
Rarawuan,1500
Rarawuan,2000
Refail Asin,5000
Refail Pedas,5000
Ricebowl,10000
Ricebowl,12000
Ricebowl Pa Hadi,12000
Rinbeepopy Pop,1320
Risol Mayo,3000
Risol Mayo Pedas,3500
Risol Mayo Pedas,3000
Risoles,1500
Ron,"1708,333333"
Roti,4000
Roti,4500
Roti,2500
Roti,2000
Roti Bakar,6000
Roti Bakar,7000
Roti Cokelat,6000
Roti Gulung,1825
Roti Isi Cokelat,5000
Roti Isi Keju,5000
Roti Isi Susu,5000
Roti Pandan Pisang Coklat,7000
Roti Pisang Cokelat,7000
Roti Tawar Funwari,14500
Sand Keju,6000
Sand.Ckl,6000
Sand.Kacang,6000
Sand.Keju,6000
Sand.Sarikaya,6000
Sandwich,4500
Sandwich Cokelat,4500
Sandwich Margarin Manis,4500
Sandwich Sarikaya,4500
Sandzup.Ckl,5000
Sandzup.Moc,5000
Sandzup.Straw,5000
Sandzup.Strw,5000
Sari Gandum,"1666,666667"
Sari Gandum,1750
Sbk Cokelat,18000
Sbk Cokelat,13500
Sbk Cokelat Keju,18000
Sbk Cokelat Keju,18500
Sbk Cokelat Sarikaya,18000
Sbk Duo Cokelat,10500
Sbk Duo Cokelat,8000
Sbk Duo Cokelat Keju,8500
Sbk Duo Cokelat Sarikaya,8500
Sbk Duo Keju,8000
Sbk Keju,18000
Sbk Sarikaya,18000
Seblak,2000
Seblak,2500
Seblak Beton,2500
Seblak Beton,2000
Sebra Asin,5000
Sebra Pedas,5000
Sedaap Mie Cup Ayam Jerit,4250
Sedaap Mie Cup Ayam Nampool,4250
Sedaap Mie Cup Baso Beleduk,4250
Sedaap Mie Cup Baso Bleduk,4250
Sedaap Mie Cup Goreng,4450
Sedaap Mie Cup Korean Spicy,4450
Sedaap Mie Cup Soto,4250
Si Lahetot,5000
SIomay Ayam,5000
Sisir Mentega,11000
Sisir Mentega,11500
Snack Besar,5000
Snack Kecil,4000
So Nice,"833,3333333"
Sobek Cokelat,16500
Sobek Cokelat Keju,16500
Sobek Cokelat Susu,16500
Sop Buah,4000
Sosis So Nice,"791,6666667"
Sosis So Nice,"833,3333333"
Sosis Solo,2500
Sosis Solo,3000
Spagetti,9000
Spagetti,5000
Spagetti B,7000
Spagetti Pa Hadi,11000
Spagetti Pa hadi,9000
Sponge,6700
Sponge,"2791,666667"
Steam Cake Cheese,9000
Steam Cake Cheese Choco,9000
Steam Cake Chocolate,9000
Steam Cake Red Velvet,9000
Steam Cake Strawberry,9000
Steam Cake Strawberry Choco,9000
STMJ,1400
Straw Bun GT,4000
Sunlight,2000
Super Zuper,140
Superstar,750
Superstar,900
Superstar,1500
Superstar Snap,1750
Surandil,2000
Sus,3000
Sus,2500
Sus Buah,3500
Susu,3000
Swe Cheese Bun GT,4000
Tahu Krispi,4000
Tango Waffle Hazelnut,"916,6666667"
Teh Pucuk Harum,"2583,333333"
Teh Pucuk Harum,"2458,333333"
Tempe,2000
Tempura,5000
Tessa,5000
Tissue,9000
Tolak Angn,"3833,333333"
Top Strawberry,"862,5"
Torabika Creamy Latte,1650
Twist Chocolate,6000
Ulen,2000
Ulen,1000
Ulen,1500
Ultra 200 Ml,"4708,333333"
Ultra Cokelat,5250
Ultra Moca,5250
Ultramilk,"4708,333333"
Usus,2000
Waffle,5000
Waffle Ori,5000
Ya'bar Chocolate,6200
Yeos Grass Jelly,"4954,958333"
Yeos Grass Jelly,5500
Yupi,220
Z Krim Chodbl,5000
Z Krim Cokelat,5000
Z Krim Keju,5000
Z Krim Moka,5000
Z Krim Strawberry,5000