TANGGAL,NAMA BARANG,QTY,HARGA BELI,HARGA JUAL,REVENUE,LABA,TOTAL LABA
01/11/2025,Makaroni,27,5000,6000,162000,1000,27000
01/11/2025,Ricebowl,15,10000,11000,165000,1000,15000
01/11/2025,Si Lahetot,31,5000,6000,186000,1000,31000
01/11/2025,Lumpia Goreng,17,3000,3500,59500,500,8500
01/11/2025,Sus,19,3000,3500,66500,500,9500
01/11/2025,Bakwan,17,2000,2500,42500,500,8500
01/11/2025,Spagetti,11,9000,10000,110000,1000,11000
01/11/2025,Sosis Solo,32,2500,3000,96000,500,16000
03/11/2025,Indocafemix,30,1550,3000,90000,1450,43500
03/11/2025,Good Day Moccacino,30,1500,3000,90000,1500,45000
03/11/2025,Kapal Api Mix,60,1750,3000,180000,1250,75000
03/11/2025,Max Tea,10,2500,3000,30000,500,5000
03/11/2025,Tempe,48,2000,2500,120000,500,24000
03/11/2025,Nasi Cokot,60,5000,6000,360000,1000,60000
03/11/2025,Sandwich,21,4500,5000,105000,500,10500
03/11/2025,Ricebowl Pa Hadi,25,12000,13000,325000,1000,25000
03/11/2025,Cibay,20,1500,2000,40000,500,10000
03/11/2025,CC Roll,50,1500,2000,100000,500,25000
03/11/2025,Elang Snack,41,8500,9000,369000,500,20500
03/11/2025,Makaroni,300,1600,2500,750000,900,270000
03/11/2025,Ricebowl,11,10000,11000,121000,1000,11000
03/11/2025,Roti Tawar Funwari,2,14500,15500,31000,1000,2000
03/11/2025,Lunch Pack Choco Lava,5,5000,6000,30000,1000,5000
03/11/2025,Lunch Pack Cheese Lava,5,5000,6000,30000,1000,5000
03/11/2025,Lunch Pack Cheese Cake,5,5000,6000,30000,1000,5000
03/11/2025,Lunch Pack Clasic Choco,2,5000,6000,12000,1000,2000
03/11/2025,Lunch Pack Choco Cheese,3,6000,7000,21000,1000,3000
03/11/2025,Sandwich Margarin Manis,4,4500,5000,20000,500,2000
03/11/2025,Sandwich Cokelat,4,4500,5000,20000,500,2000
03/11/2025,Sobek Cokelat,2,16500,17000,34000,500,1000
03/11/2025,Sobek Cokelat Keju,2,16500,17000,34000,500,1000
03/11/2025,Sobek Cokelat Susu,2,16500,17000,34000,500,1000
03/11/2025,Funwari Roll Cokelat,2,6000,7000,14000,1000,2000
03/11/2025,Funwari Roll Cheese,2,600,700,1400,100,200
03/11/2025,Twist Chocolate,2,6000,7000,14000,1000,2000
03/11/2025,Moring,28,4000,5000,140000,1000,28000
03/11/2025,Rafa Putra,70,1600,2000,140000,400,28000
03/11/2025,Cireng Japlun,50,2000,2500,125000,500,25000
03/11/2025,Baso Cilok Kriwil,11,10000,11000,121000,1000,11000
03/11/2025,Ali Agrem,27,2000,2500,67500,500,13500
03/11/2025,Lontong,41,2000,2500,102500,500,20500
03/11/2025,Donat,30,2500,3000,90000,500,15000
03/11/2025,Dadar Gulung,28,2500,3000,84000,500,14000
03/11/2025,Ketan,21,2000,3000,63000,1000,21000
03/11/2025,Onigiri,30,9000,10000,300000,1000,30000
03/11/2025,Ricebowl,40,10000,11000,440000,1000,40000
03/11/2025,Lumpia Goreng,27,3000,3500,94500,500,13500
03/11/2025,Sus,70,3000,3500,245000,500,35000
03/11/2025,Bakwan,55,2000,2500,137500,500,27500
03/11/2025,Si Lahetot,100,5000,6000,600000,1000,100000
03/11/2025,Cilok,66,2500,3000,198000,500,33000
03/11/2025,Karoket,35,1500,2000,70000,500,17500
03/11/2025,Nasi Bakar,15,8000,9000,135000,1000,15000
03/11/2025,Combro,10,1500,2000,20000,500,5000
03/11/2025,Waffle,30,5000,5500,165000,500,15000
03/11/2025,Kentang Goreng,15,9000,10000,150000,1000,15000
03/11/2025,Risol Mayo,138,3000,3500,483000,500,69000
03/11/2025,Risol Mayo Pedas,55,3000,4000,220000,1000,55000
03/11/2025,Cireng Danu,100,2000,2500,250000,500,50000
03/11/2025,Panada,18,3000,3500,63000,500,9000
03/11/2025,Karoket,18,3000,3500,63000,500,9000
03/11/2025,Pangsit Bojot,26,10000,11000,286000,1000,26000
03/11/2025,Pangsit Goreng,13,9000,10000,130000,1000,13000
03/11/2025,Spagetti,17,9000,10000,170000,1000,17000
03/11/2025,Sosis Solo,46,2500,3000,138000,500,23000
03/11/2025,Aice Juju Apple Stick,160,2925,3500,560000,575,92000
03/11/2025,Aice Chocolate Crispy Stick,50,2340,3000,150000,660,33000
03/11/2025,Aice Crispy Balls,30,3950,5000,150000,1050,31500
03/11/2025,Aice Crispy Balls Cookies N Cream Stick,30,3950,5000,150000,1050,31500
03/11/2025,Aice Strawberry Crispy,40,2750,3500,140000,750,30000
03/11/2025,Aice Chocolate Sundae Cup,24,"2053,5",3000,72000,"946,5",22716
03/11/2025,Aice 3 in 1 Colour,27,2800,3500,94500,700,18900
03/11/2025,Aice Histeria Matcha,24,"6333,333333",7000,168000,"666,6666667",16000
03/11/2025,Aice Histeria Stick,24,"6333,333333",7000,168000,"666,6666667",16000
03/11/2025,Aice Sweet Corn,40,2400,3000,120000,600,24000
04/11/2025,Sand.Ckl,7,6000,7000,49000,1000,7000
04/11/2025,Sand.Keju,2,6000,7000,14000,1000,2000
04/11/2025,Sand.Sarikaya,6,6000,7000,42000,1000,6000
04/11/2025,Sandzup.Ckl,2,5000,6000,12000,1000,2000
04/11/2025,Sandzup.Moc,4,5000,6000,24000,1000,4000
04/11/2025,Sandzup.Strw,2,5000,6000,12000,1000,2000
04/11/2025,Choco Bun,8,4000,4500,36000,500,4000
04/11/2025,Choco Cheese GT,10,4000,4500,45000,500,5000
04/11/2025,Straw Bun GT,1,4000,4500,4500,500,500
04/11/2025,Blue Bun GT,1,4000,5000,5000,1000,1000
04/11/2025,Z Krim Cokelat,1,5000,6000,6000,1000,1000
04/11/2025,Z Krim Keju,1,5000,6000,6000,1000,1000
04/11/2025,Z Krim Moka,1,5000,6000,6000,1000,1000
04/11/2025,Z Krim Strawberry,1,5000,6000,6000,1000,1000
04/11/2025,Dryk Ckl,4,6000,7000,28000,1000,4000
04/11/2025,Dryk Straw,1,6000,7000,7000,1000,1000
04/11/2025,Ksr Keju,2,13500,14500,29000,1000,2000
04/11/2025,Sisir Mentega,1,11000,12000,12000,1000,1000
04/11/2025,Sbk Cokelat,1,18000,18500,18500,500,500
04/11/2025,Sbk Cokelat Sarikaya,1,18000,18500,18500,500,500
04/11/2025,Sbk Duo Cokelat Keju,1,8500,9000,9000,500,500
04/11/2025,Chif Cokelat,4,5000,5500,22000,500,2000
04/11/2025,Chif Pandan,1,5000,5500,5500,500,500
04/11/2025,Waffle Ori,1,5000,5500,5500,500,500
04/11/2025,Ali Agrem,28,2000,2500,70000,500,14000
04/11/2025,Tempe,64,2000,2500,160000,500,32000
04/11/2025,Buah Potong,15,7000,8000,120000,1000,15000
04/11/2025,Lontong,61,2000,2500,152500,500,30500
04/11/2025,Sus,64,3000,3500,224000,500,32000
04/11/2025,Bakwan,50,2000,2500,125000,500,25000
04/11/2025,Ricebowl Pa Hadi,25,12000,13000,325000,1000,25000
04/11/2025,CC Roll,50,1500,2000,100000,500,25000
04/11/2025,Bakwan dan Gehu,70,2000,2500,175000,500,35000
04/11/2025,Karoket,25,3000,3500,87500,500,12500
04/11/2025,Pempek,11,9000,10000,110000,1000,11000
04/11/2025,Bayam,20,9000,10000,200000,1000,20000
04/11/2025,Waffle,35,5000,5500,192500,500,17500
04/11/2025,Si Lahetot,103,5000,6000,618000,1000,103000
04/11/2025,Cilok,69,2500,3000,207000,500,34500
04/11/2025,Karoket,24,1500,2000,48000,500,12000
04/11/2025,Cireng Danu,100,2000,2500,250000,500,50000
04/11/2025,Risol Mayo,150,3000,3500,525000,500,75000
04/11/2025,Onigiri,30,9000,10000,300000,1000,30000
04/11/2025,Kentang Goreng,14,9000,10000,140000,1000,14000
04/11/2025,Nasi Cokot,62,5000,6000,372000,1000,62000
04/11/2025,Basreng,100,5000,6000,600000,1000,100000
04/11/2025,Risol Mayo Pedas,55,3000,4000,220000,1000,55000
04/11/2025,Cireng Japlun,50,2000,2500,125000,500,25000
04/11/2025,Otak-Otak,100,1000,2000,200000,1000,100000
04/11/2025,Ricebowl,45,10000,11000,495000,1000,45000
04/11/2025,Donat,30,2500,3000,90000,500,15000
04/11/2025,Dadar Gulung,30,2500,3000,90000,500,15000
04/11/2025,Ketan,25,2000,3000,75000,1000,25000
04/11/2025,Lumpia Goreng,30,3000,3500,105000,500,15000
04/11/2025,Pangsit Goreng,14,9000,10000,140000,1000,14000
04/11/2025,Pangsit Bojot,36,10000,11000,396000,1000,36000
04/11/2025,Kerupuk Kulit,60,4000,5000,300000,1000,60000
04/11/2025,Baso Mercon,28,6000,7000,196000,1000,28000
04/11/2025,Nasi Bakar,20,8000,9000,180000,1000,20000
04/11/2025,Baso Cilok Kriwil,11,10000,11000,121000,1000,11000
04/11/2025,Ricebowl,19,10000,11000,209000,1000,19000
04/11/2025,Spagetti,17,9000,10000,170000,1000,17000
04/11/2025,Sosis Solo,50,2500,3000,150000,500,25000
05/11/2025,Lontong,27,2000,2500,67500,500,13500
05/11/2025,Tempe,37,2000,2500,92500,500,18500
05/11/2025,Ali Agrem,15,2000,2500,37500,500,7500
05/11/2025,Buah Potong,9,7000,8000,72000,1000,9000
05/11/2025,Bakwan dan Gehu,70,2000,2500,175000,500,35000
05/11/2025,Ricebowl Pa Hadi,25,12000,13000,325000,1000,25000
05/11/2025,Cibay,15,1500,2000,30000,500,7500
05/11/2025,CC Roll,48,1500,2000,96000,500,24000
05/11/2025,Nasi Cokot,65,5000,6000,390000,1000,65000
05/11/2025,Sandwich,14,4500,5000,70000,500,7000
05/11/2025,Cireng Japlun,50,2000,2500,125000,500,25000
05/11/2025,Sus,70,3000,3500,245000,500,35000
05/11/2025,Bakwan,45,2000,2500,112500,500,22500
05/11/2025,Baso Mercon,27,6000,7000,189000,1000,27000
05/11/2025,Lumpia Goreng,35,3000,3500,122500,500,17500
05/11/2025,Si Lahetot,75,5000,6000,450000,1000,75000
05/11/2025,Baso Cilok Kriwil,15,10000,11000,165000,1000,15000
05/11/2025,Donat,30,2500,3000,90000,500,15000
05/11/2025,Dadar Gulung,20,2500,3000,60000,500,10000
05/11/2025,Ketan,22,2000,3000,66000,1000,22000
05/11/2025,Ricebowl,50,10000,11000,550000,1000,50000
05/11/2025,Kentang Goreng,14,9000,10000,140000,1000,14000
05/11/2025,Waffle,30,5000,5500,165000,500,15000
05/11/2025,Cireng Danu,100,2000,2500,250000,500,50000
05/11/2025,Risol Mayo,122,3000,3500,427000,500,61000
05/11/2025,Nasi Bakar,20,8000,9000,180000,1000,20000
05/11/2025,Cilok,67,2500,3000,201000,500,33500
05/11/2025,Karoket,35,1500,2000,70000,500,17500
05/11/2025,Onigiri,22,9000,10000,220000,1000,22000
05/11/2025,Otak-Otak,100,1000,2000,200000,1000,100000
05/11/2025,Risol Mayo Pedas,55,3000,4000,220000,1000,55000
05/11/2025,Pangsit Bojot,21,10000,11000,231000,1000,21000
05/11/2025,Pangsit Goreng,14,9000,10000,140000,1000,14000
05/11/2025,Spagetti,19,9000,10000,190000,1000,19000
05/11/2025,Sosis Solo,63,2500,3000,189000,500,31500
05/11/2025,Kripca Asin,25,5000,6000,150000,1000,25000
05/11/2025,Kripca Pedas,20,5000,6000,120000,1000,20000
05/11/2025,Makaroni Rujak,30,5000,6000,180000,1000,30000
05/11/2025,Rafael Pedas,25,5000,6000,150000,1000,25000
05/11/2025,Nyere Pedas,4,5000,6000,24000,1000,4000
05/11/2025,Nyere Asin,5,5000,6000,30000,1000,5000
05/11/2025,Cookies,25,6000,7000,175000,1000,25000
05/11/2025,Honeymon,48,5900,6000,288000,100,4800
06/11/2025,Go'Nola Tripple Berry,30,6600,7000,210000,400,12000
06/11/2025,Ya'bar Chocolate,72,6200,7000,504000,800,57600
06/11/2025,Bakwan dan Gehu,84,2000,2500,210000,500,42000
06/11/2025,Kripik Ubi,72,4000,4500,324000,500,36000
06/11/2025,Pempek,14,9000,10000,140000,1000,14000
06/11/2025,Cireng Danu,103,2000,2500,257500,500,51500
06/11/2025,Lontong,51,2000,2500,127500,500,25500
06/11/2025,Tempe,72,2000,2500,180000,500,36000
06/11/2025,Ali Agrem,27,2000,2500,67500,500,13500
06/11/2025,Buah Potong,14,7000,8000,112000,1000,14000
06/11/2025,Cibay,20,1500,2000,40000,500,10000
06/11/2025,CC Roll,50,1500,2000,100000,500,25000
06/11/2025,Ricebowl Pa Hadi,28,12000,13000,364000,1000,28000
06/11/2025,Donat,30,2500,3000,90000,500,15000
06/11/2025,Dadar Gulung,27,2500,3000,81000,500,13500
06/11/2025,Ketan,25,2000,3000,75000,1000,25000
06/11/2025,Usus,114,2000,2500,285000,500,57000
06/11/2025,Kripca,26,2000,2500,65000,500,13000
06/11/2025,Seblak Beton,56,2000,3000,168000,1000,56000
06/11/2025,Makaroni,26,2000,2500,65000,500,13000
06/11/2025,Ricebowl,50,10000,11000,550000,1000,50000
06/11/2025,Lumpia Goreng,30,3000,3500,105000,500,15000
06/11/2025,Ricebowl,13,10000,11000,143000,1000,13000
06/11/2025,Sus,65,3000,3500,227500,500,32500
06/11/2025,Bakwan,39,2000,2500,97500,500,19500
06/11/2025,Waffle,32,5000,5500,176000,500,16000
06/11/2025,Baso Cilok Kriwil,20,10000,11000,220000,1000,20000
06/11/2025,Baso Mercon,28,6000,7000,196000,1000,28000
06/11/2025,Si Lahetot,101,5000,6000,606000,1000,101000
06/11/2025,Cireng Japlun,50,2000,2500,125000,500,25000
06/11/2025,Cilok,70,2500,3000,210000,500,35000
06/11/2025,Karoket,36,1500,2000,72000,500,18000
06/11/2025,Rarawuan,17,1500,2000,34000,500,8500
06/11/2025,Kentang Goreng,15,9000,10000,150000,1000,15000
06/11/2025,Nasi Bakar,25,8000,9000,225000,1000,25000
06/11/2025,Otak-Otak,100,1000,2000,200000,1000,100000
06/11/2025,Risol Mayo Pedas,60,3000,4000,240000,1000,60000
06/11/2025,Onigiri,30,9000,10000,300000,1000,30000
06/11/2025,Risol Mayo,150,3000,3500,525000,500,75000
06/11/2025,Cireng Danu,100,2000,2500,250000,500,50000
06/11/2025,Nasi Cokot,56,5000,6000,336000,1000,56000
06/11/2025,Pangsit Bojot,26,10000,11000,286000,1000,26000
06/11/2025,Pangsit Goreng,13,9000,10000,130000,1000,13000
06/11/2025,Ades,456,1875,3500,1596000,1625,741000
06/11/2025,Frestea Markisa,36,3104,4000,144000,896,32256
06/11/2025,Minute Maid Pulpy,120,"4494,333333",5000,600000,"505,6666667",60680
06/11/2025,Frestea Apple,36,3104,4000,144000,896,32256
06/11/2025,Frestea Jasmine,36,3104,4000,144000,896,32256
06/11/2025,Frestea Green Honey,36,3104,4000,144000,896,32256
06/11/2025,Sosis Solo,56,2500,3000,168000,500,28000
06/11/2025,Spagetti,28,9000,10000,280000,1000,28000
07/11/2025,Makaroni,90,4000,5000,450000,1000,90000
07/11/2025,Kripca,68,4500,5000,340000,500,34000
07/11/2025,Cireng Japlun,80,2000,2500,200000,500,40000
07/11/2025,Cookies,18,6000,7000,126000,1000,18000
07/11/2025,Sand.Ckl,14,6000,7000,98000,1000,14000
07/11/2025,Sand.Kacang,3,6000,7000,21000,1000,3000
07/11/2025,Sand Keju,7,6000,7000,49000,1000,7000
07/11/2025,Sandzup.Ckl,5,5000,6000,30000,1000,5000
07/11/2025,Sandzup.Strw,3,5000,6000,18000,1000,3000
07/11/2025,Choco Bun,10,4000,4500,45000,500,5000
07/11/2025,Swe Cheese Bun GT,1,4000,4500,4500,500,500
07/11/2025,Straw Bun GT,2,4000,4500,9000,500,1000
07/11/2025,Blue Bun GT,2,4000,5000,10000,1000,2000
07/11/2025,Coconut Bun GT,2,4000,4500,9000,500,1000
07/11/2025,Z Krim Cokelat,1,5000,6000,6000,1000,1000
07/11/2025,Z Krim Keju,1,5000,6000,6000,1000,1000
07/11/2025,Z Krim Chodbl,1,5000,6000,6000,1000,1000
07/11/2025,Z Krim Strawberry,1,5000,6000,6000,1000,1000
07/11/2025,Dryk Ckl,5,6000,7000,35000,1000,5000
07/11/2025,Dryk Martabak,1,6000,7000,7000,1000,1000
07/11/2025,Dryk Pandan Sarikaya,1,6000,7000,7000,1000,1000
07/11/2025,Dryk Nastar,1,6000,7000,7000,1000,1000
07/11/2025,Ksr Keju,1,13500,14500,14500,1000,1000
07/11/2025,Sbk Cokelat,1,18000,18500,18500,500,500
07/11/2025,Sbk Cokelat Keju,1,18500,19500,19500,1000,1000
07/11/2025,Ksr Krim Meses,1,11500,12500,12500,1000,1000
07/11/2025,Sbk Duo Cokelat,1,8000,9500,9500,1500,1500
07/11/2025,Sbk Duo Cokelat Keju,1,8500,9000,9000,500,500
07/11/2025,Chif Cokelat,4,5000,5500,22000,500,2000
07/11/2025,Chif Pandan,1,8500,9500,9500,1000,1000
07/11/2025,Bakwan,11,2000,2500,27500,500,5500
07/11/2025,Sus,64,3000,3500,224000,500,32000
07/11/2025,Nasi Cokot,50,5000,6000,300000,1000,50000
07/11/2025,Onigiri,12,9000,10000,120000,1000,12000
07/11/2025,Otak-Otak,100,1000,2000,200000,1000,100000
07/11/2025,Cireng Danu,100,2000,2500,250000,500,50000
07/11/2025,Buah Potong,7,7000,8000,56000,1000,7000
07/11/2025,Ali Agrem,12,2000,2500,30000,500,6000
07/11/2025,Si Lahetot,100,5000,6000,600000,1000,100000
07/11/2025,Cireng Japlun,50,2000,2500,125000,500,25000
07/11/2025,Bakwan dan Gehu,42,2000,2500,105000,500,21000
07/11/2025,Ricebowl Pa Hadi,28,12000,13000,364000,1000,28000
07/11/2025,Cibay,18,1500,2000,36000,500,9000
07/11/2025,CC Roll,36,1500,2000,72000,500,18000
07/11/2025,Cilok,44,2500,3000,132000,500,22000
07/11/2025,Karoket,23,1500,2000,46000,500,11500
07/11/2025,Rarawuan,19,1500,2000,38000,500,9500
07/11/2025,Nasi Bakar,20,8000,9000,180000,1000,20000
07/11/2025,Donat,30,2500,3000,90000,500,15000
07/11/2025,Dadar Gulung,14,2500,3000,42000,500,7000
07/11/2025,Ketan,19,2000,3000,57000,1000,19000
07/11/2025,Pastel,20,3000,3500,70000,500,10000
07/11/2025,Lumpia Goreng,27,3000,3500,94500,500,13500
07/11/2025,Ricebowl,40,10000,11000,440000,1000,40000
07/11/2025,Lontong,26,2000,2500,65000,500,13000
07/11/2025,Keriwil,33,2500,3000,99000,500,16500
07/11/2025,Seblak Beton,21,2500,3000,63000,500,10500
07/11/2025,Cistik,13,2500,3000,39000,500,6500
07/11/2025,Kentang Goreng,9,9000,10000,90000,1000,9000
07/11/2025,Pangsit Goreng,9,9000,10000,90000,1000,9000
07/11/2025,Pangsit Bojot,17,10000,11000,187000,1000,17000
07/11/2025,Mooochi Mango,40,"2362,5",3000,120000,"637,5",25500
07/11/2025,Mooochi Vanilla,40,"2362,5",3000,120000,"637,5",25500
07/11/2025,Aice Mochi Peach,40,"2312,5",3000,120000,"687,5",27500
07/11/2025,Aice Chocolate Crispy Stick,50,2340,3000,150000,660,33000
07/11/2025,Aice Crispy Balls,30,3950,5000,150000,1050,31500
07/11/2025,Aice Crispy Balls Cookies N Cream Stick,30,3950,5000,150000,1050,31500
07/11/2025,Aice Strawberry Stick,40,2750,3500,140000,750,30000
07/11/2025,Aice Chocolate Sundae Cup,24,"2053,5",3000,72000,"946,5",22716
07/11/2025,Aice 3 In 1 Colour,27,2800,3500,94500,700,18900
07/11/2025,Aice Sweet Corn,40,2400,3000,120000,600,24000
07/11/2025,Aice Histeria Matcha,24,"6333,333333",7000,168000,"666,6666667",16000
07/11/2025,Aice Histeria Peach Stick,24,"6333,333333",7000,168000,"666,6666667",16000
07/11/2025,Spagetti,5,9000,10000,50000,1000,5000
07/11/2025,Sosis Solo,57,2500,3000,171000,500,28500
08/11/2025,Sus,39,3000,3500,136500,500,19500
08/11/2025,Bakwan,21,2000,2500,52500,500,10500
08/11/2025,Bengbeng,34,"2176,470588",2500,85000,"323,5294118",11000
08/11/2025,Chocolatos Dark,96,"895,8333333",1000,96000,"104,1666667",10000
08/11/2025,Torabika Creamy Latte,20,1650,3000,60000,1350,27000
08/11/2025,Good Day CoolIn,30,1500,3000,90000,1500,45000
08/11/2025,Good Day Cappucino,20,2100,3000,60000,900,18000
08/11/2025,Max Tea,20,2500,3000,60000,500,10000
08/11/2025,Indocafemix,30,1550,3000,90000,1450,43500
08/11/2025,Kapal Api Mix,50,1750,3000,150000,1250,62500
08/11/2025,Pop Mie Ayam Bawang,24,"4791,666667",6000,144000,"1208,333333",29000
08/11/2025,Pop Mie Dower Kuah,24,5000,6000,144000,1000,24000
08/11/2025,Superstar,24,750,1000,24000,250,6000
08/11/2025,Ricebowl,15,10000,11000,165000,1000,15000
08/11/2025,Si Lahetot,36,5000,6000,216000,1000,36000
08/11/2025,Bakwan dan Gehu,26,2000,2500,65000,500,13000
08/11/2025,Lumpia Goreng,16,3000,3500,56000,500,8000
08/11/2025,Sosis Solo,25,2500,3000,75000,500,12500
10/11/2025,Bakwan dan Gehu,85,2000,2500,212500,500,42500
10/11/2025,Cireng Danu,100,2000,2500,250000,500,50000
10/11/2025,Makaroni,130,3200,4000,520000,800,104000
10/11/2025,Lunch Pack Choco Lava,7,5000,6000,42000,1000,7000
10/11/2025,Lunch Pack Cheese Lava,7,5000,6000,42000,1000,7000
10/11/2025,Lunch Pack Cheese Cake,5,5000,6000,30000,1000,5000
10/11/2025,Lunch Pack Clasic Choco,3,5000,6000,18000,1000,3000
10/11/2025,Lunch Pack Choco Cheese,5,6000,7000,35000,1000,5000
10/11/2025,Sandwich Margarin Manis,5,4500,5000,25000,500,2500
10/11/2025,Sandwich Cokelat,5,4500,5000,25000,500,2500
10/11/2025,Sobek Cokelat,2,16500,17000,34000,500,1000
10/11/2025,Sobek Cokelat Keju,2,16500,17000,34000,500,1000
10/11/2025,Sobek Cokelat Susu,2,16500,17000,34000,500,1000
10/11/2025,Funwari Roll Cokelat,3,6000,7000,21000,1000,3000
10/11/2025,Funwari Roll Cheese,3,6000,7000,21000,1000,3000
10/11/2025,Steam Cake Cheese,2,9000,10000,20000,1000,2000
10/11/2025,Steam Cake Chocolate,2,9000,10000,20000,1000,2000
10/11/2025,Steam Cake Strawberry,2,9000,10000,20000,1000,2000
10/11/2025,Danish Bread Chocolate,1,16500,17500,17500,1000,1000
10/11/2025,Danish Bread Cheese,1,16500,17500,17500,1000,1000
10/11/2025,Pie Cheese,1,7500,8000,8000,500,500
10/11/2025,Baso Mercon,53,6000,7000,371000,1000,53000
10/11/2025,Cireng Japlun,50,2000,2500,125000,500,25000
10/11/2025,Buah Potong,10,7000,8000,80000,1000,10000
10/11/2025,Lontong,46,2000,2500,115000,500,23000
10/11/2025,Tempe,58,2000,2500,145000,500,29000
10/11/2025,Rafa Putra,78,1600,2000,156000,400,31200
10/11/2025,Si Lahetot,102,5000,6000,612000,1000,102000
10/11/2025,Ricebowl,50,10000,11000,550000,1000,50000
10/11/2025,Ricebowl Pa Hadi,28,12000,13000,364000,1000,28000
10/11/2025,CC Roll,49,1500,2000,98000,500,24500
10/11/2025,Sus,79,3000,3500,276500,500,39500
10/11/2025,Bakwan,47,2000,2500,117500,500,23500
10/11/2025,Cicos,15,4500,5000,75000,500,7500
10/11/2025,Donat,30,2500,3000,90000,500,15000
10/11/2025,Dadar Gulung,30,2500,3000,90000,500,15000
10/11/2025,Ketan,25,2000,3000,75000,1000,25000
10/11/2025,Nasi Bakar,25,8000,9000,225000,1000,25000
10/11/2025,Cilok,71,2500,3000,213000,500,35500
10/11/2025,Karoket,40,1500,2000,80000,500,20000
10/11/2025,Rarawuan,23,2000,2500,57500,500,11500
10/11/2025,Pangsit Bojot,26,10000,11000,286000,1000,26000
10/11/2025,Pangsit Goreng,14,9000,10000,140000,1000,14000
10/11/2025,Cireng Danu,100,2000,2500,250000,500,50000
10/11/2025,Risol Mayo Pedas,60,3000,4000,240000,1000,60000
10/11/2025,Otak-Otak,80,1000,2000,160000,1000,80000
10/11/2025,Pastel,25,3000,3500,87500,500,12500
10/11/2025,Lumpia Goreng,25,3000,3500,87500,500,12500
10/11/2025,Kentang Goreng,15,9000,10000,150000,1000,15000
10/11/2025,Risol Mayo,145,3000,3500,507500,500,72500
10/11/2025,Onigiri,30,9000,10000,300000,1000,30000
10/11/2025,Nasi Cokot,68,5000,6000,408000,1000,68000
11/11/2025,Sus,40,3000,3500,140000,500,20000
11/11/2025,Bakwan,30,2000,2500,75000,500,15000
11/11/2025,Si Lahetot,108,5000,6000,648000,1000,108000
11/11/2025,Ali Agrem,26,2000,2500,65000,500,13000
11/11/2025,Lontong,39,2000,2500,97500,500,19500
11/11/2025,Tempe,59,2000,2500,147500,500,29500
11/11/2025,Ricebowl Pa Hadi,28,12000,13000,364000,1000,28000
11/11/2025,CC Roll,50,1500,2000,100000,500,25000
11/11/2025,Waffle,19,5000,5500,104500,500,9500
11/11/2025,Donat,30,2500,3000,90000,500,15000
11/11/2025,Dadar Gulung,30,2500,3000,90000,500,15000
11/11/2025,Ketan,25,2000,3000,75000,1000,25000
11/11/2025,Ricebowl,10,10000,11000,110000,1000,10000
11/11/2025,Onigiri,15,9000,10000,150000,1000,15000
11/11/2025,Kentang Goreng,17,9000,10000,170000,1000,17000
11/11/2025,Cicos,15,4000,5000,75000,1000,15000
11/11/2025,Ricebowl,45,10000,11000,495000,1000,45000
11/11/2025,Cireng Danu,100,2000,2500,250000,500,50000
11/11/2025,Cireng Japlun,50,2000,2500,125000,500,25000
11/11/2025,Cookies,14,6000,7000,98000,1000,14000
11/11/2025,Baso Cilok Kriwil,20,10000,11000,220000,1000,20000
11/11/2025,Risol Mayo,150,3000,3500,525000,500,75000
11/11/2025,Basreng,100,5000,6000,600000,1000,100000
11/11/2025,Cilok,73,2500,3000,219000,500,36500
11/11/2025,Karoket,41,1500,2000,82000,500,20500
11/11/2025,Rarawuan,23,2000,2500,57500,500,11500
11/11/2025,Cireng Danu,105,2000,2500,262500,500,52500
11/11/2025,Gemblong,130,2000,2500,325000,500,65000
11/11/2025,Nasi Bakar,25,5000,6000,150000,1000,25000
11/11/2025,Otak-Otak,90,1000,2000,180000,1000,90000
11/11/2025,Risol Mayo Pedas,64,3000,4000,256000,1000,64000
11/11/2025,Bakwan dan Gehu,85,2000,2500,212500,500,42500
11/11/2025,Baso Mercon,29,6000,7000,203000,1000,29000
11/11/2025,Onigiri,24,9000,10000,240000,1000,24000
11/11/2025,Lumpia Goreng,35,3000,3500,122500,500,17500
11/11/2025,Pastel,35,3000,3500,122500,500,17500
11/11/2025,Nasi Cokot,65,5000,6000,390000,1000,65000
11/11/2025,Pangsit Bojot,33,10000,11000,363000,1000,33000
11/11/2025,Pangsit Goreng,16,9000,10000,160000,1000,16000
11/11/2025,Sand.Ckl,6,6000,7000,42000,1000,6000
11/11/2025,Sand.Kacang,1,6000,7000,7000,1000,1000
11/11/2025,Sand.Keju,2,6000,7000,14000,1000,2000
11/11/2025,Sand.Sarikaya,3,6000,7000,21000,1000,3000
11/11/2025,Sandzup.Ckl,3,5000,6000,18000,1000,3000
11/11/2025,Sandzup.Moc,4,5000,6000,24000,1000,4000
11/11/2025,Sandzup.Strw,1,5000,6000,6000,1000,1000
11/11/2025,Choco Bun,3,4000,4500,13500,500,1500
11/11/2025,Swe Cheese Bun GT,10,4000,4500,45000,500,5000
11/11/2025,Straw Bun GT,1,4000,4500,4500,500,500
11/11/2025,Blue Bun GT,1,4000,5000,5000,1000,1000
11/11/2025,Coconut Bun GT,1,4000,4500,4500,500,500
11/11/2025,Z Krim Cokelat,1,5000,6000,6000,1000,1000
11/11/2025,Z Krim Moka,1,5000,6000,6000,1000,1000
11/11/2025,Z Krim Strawberry,1,5000,6000,6000,1000,1000
11/11/2025,Dryk Ckl,4,6000,7000,28000,1000,4000
11/11/2025,Dryk Straw,1,6000,7000,7000,1000,1000
11/11/2025,Ksr Keju,2,13500,14500,29000,1000,2000
11/11/2025,Sbk Cokelat,1,18000,18500,18500,500,500
11/11/2025,Sbk Cokelat Keju,1,18000,18500,18500,500,500
11/11/2025,Sbk Cokelat Sarikaya,1,18000,18500,18500,500,500
11/11/2025,Ksr Krim Meses,1,11500,12500,12500,1000,1000
11/11/2025,Sbk Duo Cokelat Keju,1,8500,9000,9000,500,500
11/11/2025,Chif Cokelat,4,5000,5500,22000,500,2000
11/11/2025,Chif Pandan,1,5000,5500,5500,500,500
11/11/2025,Spagetti,18,9000,10000,180000,1000,18000
11/11/2025,Sosis Solo,23,2500,3000,69000,500,11500
12/11/2025,Bakwan dan Gehu,85,2000,2500,212500,500,42500
12/11/2025,Pikdas,100,4000,5000,500000,1000,100000
12/11/2025,Ricebowl,13,10000,11000,143000,1000,13000
12/11/2025,Hanaang,59,6500,7500,442500,1000,59000
12/11/2025,Lontong,38,2000,2500,95000,500,19000
12/11/2025,Ali Agrem,18,2000,2500,45000,500,9000
12/11/2025,Bolu Pisang,4,7000,8000,32000,1000,4000
12/11/2025,Donat,30,2500,3000,90000,500,15000
12/11/2025,Dadar Gulung,28,2500,3000,84000,500,14000
12/11/2025,Ketan,25,2000,3000,75000,1000,25000
12/11/2025,Baso Mercon,30,6000,7000,210000,1000,30000
12/11/2025,Pangsit Goreng,13,9000,10000,130000,1000,13000
12/11/2025,Pangsit Bojot,34,10000,11000,374000,1000,34000
12/11/2025,Sus,68,3000,3500,238000,500,34000
12/11/2025,Bakwan,49,2000,2500,122500,500,24500
12/11/2025,Risol Mayo,126,3000,3500,441000,500,63000
12/11/2025,Otak-Otak,120,1000,2000,240000,1000,120000
12/11/2025,Risol Mayo Pedas,62,3000,4000,248000,1000,62000
12/11/2025,Onigiri,32,9000,10000,320000,1000,32000
12/11/2025,Cireng Japlun,80,2000,2500,200000,500,40000
12/11/2025,Gemblong,115,2000,2500,287500,500,57500
12/11/2025,Cireng Danu,98,2000,2500,245000,500,49000
12/11/2025,Kentang Goreng,18,9000,10000,180000,1000,18000
12/11/2025,Nasi Cokot,75,5000,6000,450000,1000,75000
12/11/2025,Spagetti,14,5000,6000,84000,1000,14000
12/11/2025,Ricebowl Pa Hadi,30,12000,13000,390000,1000,30000
12/11/2025,Cibay,30,1500,2000,60000,500,15000
12/11/2025,CC Roll,49,1500,2000,98000,500,24500
12/11/2025,Nasi Bakar,25,8000,9000,225000,1000,25000
12/11/2025,Combro,20,1500,2000,40000,500,10000
12/11/2025,Cilok,72,2500,3000,216000,500,36000
12/11/2025,Karoket,42,1500,2000,84000,500,21000
12/11/2025,Rarawuan,21,2000,2500,52500,500,10500
12/11/2025,Baso Cilok Kriwil,25,10000,11000,275000,1000,25000
12/11/2025,Ricebowl,50,10000,11000,550000,1000,50000
12/11/2025,Al Ma'soem,1656,"1291,666667",3000,4968000,"1708,333333",2829000
12/11/2025,Adem Sari Chingku Herbal Tea,16,6200,8000,128000,1800,28800
12/11/2025,Adem Sari Chingku Lemon Can,24,5800,8000,192000,2200,52800
12/11/2025,Adem Sari Chingku Lemon Pet,24,5800,8000,192000,2200,52800
12/11/2025,Adem Sari Chingku Madu Lemon,16,6200,8000,128000,1800,28800
12/11/2025,Adem Sari Chingku Sparkling,16,5800,8000,128000,2200,35200
12/11/2025,Spagetti,16,9000,10000,160000,1000,16000
12/11/2025,Sosis Solo,70,2500,3000,210000,500,35000
13/11/2025,Indocafemix,10,1550,3000,30000,1450,14500
13/11/2025,Kapal Api Mix,10,1750,3000,30000,1250,12500
13/11/2025,Sus,69,3000,3500,241500,500,34500
13/11/2025,Bakwan,49,2000,2500,122500,500,24500
13/11/2025,Ricebowl Pa Hadi,39,12000,13000,507000,1000,39000
13/11/2025,Cibay,33,1500,2000,66000,500,16500
13/11/2025,CC Roll,50,1500,2000,100000,500,25000
13/11/2025,Moring Sedang Pedas,73,8000,9000,657000,1000,73000
13/11/2025,Moring Sedang Ori,35,8000,9000,315000,1000,35000
13/11/2025,Moring Kecil Pedas,60,4000,5000,300000,1000,60000
13/11/2025,Moring Kecil Ori,30,4000,5000,150000,1000,30000
13/11/2025,Makaroni BBQ,29,5000,6000,174000,1000,29000
13/11/2025,Makaroni Jeruk Pedas,50,5000,6000,300000,1000,50000
13/11/2025,Ricebowl,13,10000,11000,143000,1000,13000
13/11/2025,Risol Mayo Pedas,54,3000,4000,216000,1000,54000
13/11/2025,Ali Agrem,27,2000,2500,67500,500,13500
13/11/2025,Lontong,56,2000,2500,140000,500,28000
13/11/2025,Tempe,63,2000,2500,157500,500,31500
13/11/2025,Buah Potong,6,7000,8000,48000,1000,6000
13/11/2025,Ricebowl,51,10000,11000,561000,1000,51000
13/11/2025,Nasi Cokot,75,5000,6000,450000,1000,75000
13/11/2025,Otak-Otak,120,1000,2000,240000,1000,120000
13/11/2025,Cilok,65,2500,3000,195000,500,32500
13/11/2025,Karoket,34,1500,2000,68000,500,17000
13/11/2025,Rarawuan,20,2000,2500,50000,500,10000
13/11/2025,Cireng Danu,100,2000,2500,250000,500,50000
13/11/2025,Spagetti,24,9000,10000,240000,1000,24000
13/11/2025,Sosis Solo,57,2500,3000,171000,500,28500
13/11/2025,Bakwan dan Gehu,84,2000,2500,210000,500,42000
13/11/2025,Cicos,15,4000,5000,75000,1000,15000
13/11/2025,Onigiri,33,9000,10000,330000,1000,33000
13/11/2025,Kentang Goreng,12,9000,10000,120000,1000,12000
13/11/2025,Waffle,20,5000,5500,110000,500,10000
13/11/2025,Donat,30,2500,3000,90000,500,15000
13/11/2025,Dadar Gulung,30,2500,3000,90000,500,15000
13/11/2025,Ketan,25,2000,3000,75000,1000,25000
13/11/2025,Risol Mayo,136,3000,3500,476000,500,68000
13/11/2025,Lumpia Goreng,35,3000,3500,122500,500,17500
13/11/2025,Pastel,34,3000,3500,119000,500,17000
13/11/2025,Pangsit Bojot,30,10000,11000,330000,1000,30000
13/11/2025,Pangsit Goreng,15,9000,10000,150000,1000,15000
13/11/2025,Nasi Bakar,10,8000,9000,90000,1000,10000
13/11/2025,Baso Mercon,30,6000,7000,210000,1000,30000
13/11/2025,Cireng Japlun,50,2000,2500,125000,500,25000
13/11/2025,Baso Cilok Kriwil,43,10000,11000,473000,1000,43000
13/11/2025,Pastel,35,3000,3500,122500,500,17500
13/11/2025,Lumpia Goreng,35,3000,3500,122500,500,17500
15/11/2025,Pop Mie Ayam Bawang,12,"3333,333333",6000,72000,"2666,666667",32000
15/11/2025,Laurier 500,1,7000,7500,7500,500,500
15/11/2025,Charm 23 cm,10,1350,2000,20000,650,6500
15/11/2025,Good Day Cappuccino,20,2100,3000,60000,900,18000
15/11/2025,Charm Safe Night,10,2700,3500,35000,800,8000
15/11/2025,Tessa,8,5000,6000,48000,1000,8000
15/11/2025,Max Tea,20,2500,3000,60000,500,10000
15/11/2025,Good Day Moccacino,70,1500,3000,210000,1500,105000
15/11/2025,STMJ,20,1400,2000,40000,600,12000
15/11/2025,ABC Moca,10,1650,3000,30000,1350,13500
15/11/2025,ABC Susu,10,1750,3000,30000,1250,12500
15/11/2025,Permen Mentos,50,140,333,16650,193,9650
15/11/2025,Permen Kopiko,50,200,333,16650,133,6650
15/11/2025,Permen Antangin,50,128,333,16650,205,10250
15/11/2025,Tango Waffle Hazelnut,48,"916,6666667",1000,48000,"83,33333333",4000
15/11/2025,Oreo Chocolate,48,"916,6666667",1000,48000,"83,33333333",4000
15/11/2025,Gaga Otak-Otakku,10,2100,3000,30000,900,9000
15/11/2025,Tolak Angn,12,"3833,333333",4500,54000,"666,6666667",8000
15/11/2025,Good Day Freeze,10,2500,3000,30000,500,5000
15/11/2025,Top Strawberry,48,"862,5",1000,48000,"137,5",6600
15/11/2025,Energen Vanilla,10,1950,3000,30000,1050,10500
15/11/2025,Ahh Cokelat,48,375,500,24000,125,6000
15/11/2025,Good Time,20,2150,2500,50000,350,7000
15/11/2025,Chocolatos Rich Roll,48,"895,8333333",1000,48000,"104,1666667",5000
15/11/2025,Energen Kurma,10,2300,3000,30000,700,7000
15/11/2025,Energen Cokelat,10,1950,3000,30000,1050,10500
15/11/2025,Ultra Moca,24,5250,6000,144000,750,18000
15/11/2025,Isoplus,24,"1291,666667",2500,60000,"1208,333333",29000
15/11/2025,Floridina,24,"1354,166667",3000,72000,"1645,833333",39500
15/11/2025,Choco Chips,1,102000,110000,110000,8000,8000
15/11/2025,Kerupuk Kulit,60,4000,5000,300000,1000,60000
15/11/2025,Nabati 500,48,375,500,24000,125,6000
15/11/2025,Bengbeng,34,"2176,470588",2500,85000,"323,5294118",11000
15/11/2025,Dilan,24,"1666,666667",2000,48000,"333,3333333",8000
15/11/2025,Choki Choki,60,900,1000,60000,100,6000
15/11/2025,Sari Gandum,36,1750,2000,72000,250,9000
15/11/2025,Superstar,40,900,1000,40000,100,4000
15/11/2025,Superstar Snap,24,1750,2000,48000,250,6000
15/11/2025,Chocolatos 500,24,"437,5",500,12000,"62,5",1500
15/11/2025,Gery Salut Roll,24,"437,5",500,12000,"62,5",1500
15/11/2025,Chocolatos Rich Roll,48,875,1000,48000,125,6000
15/11/2025,Permen Mentos,50,140,333,16650,193,9650
15/11/2025,Permen Relaxa,50,140,333,16650,193,9650
15/11/2025,Permen Kiss,50,150,333,16650,183,9150
15/11/2025,Sosis So Nice,48,"791,6666667",1000,48000,"208,3333333",10000
15/11/2025,Kapal Api Mix,120,1750,3000,360000,1250,150000
15/11/2025,Luwak Hitam,10,1600,3000,30000,1400,14000
15/11/2025,Creamy Latte,10,1700,3000,30000,1300,13000
15/11/2025,Indocafemix,50,1700,3000,150000,1300,65000
15/11/2025,Kopi Gadjah,20,1700,2000,40000,300,6000
15/11/2025,Ultramilk,192,"4708,333333",5500,1056000,"791,6666667",152000
15/11/2025,Teh Pucuk Harum,24,"2583,333333",3000,72000,"416,6666667",10000
15/11/2025,Floridina,24,2750,3000,72000,250,6000
15/11/2025,Pop Mie Ayam Bawang,72,4500,6000,432000,1500,108000
15/11/2025,Pop Mie Goreng,12,5000,6000,72000,1000,12000
15/11/2025,Sponge,20,6700,7000,140000,300,6000
15/11/2025,Aice Chocolate Sundae Cup,24,"4041,666667",5000,120000,"958,3333333",23000
15/11/2025,Aice Strawberry Sundae Cup,24,"4041,666667",5000,120000,"958,3333333",23000
15/11/2025,Aice Sweet Corn,40,2400,3000,120000,600,24000
15/11/2025,Aice Ria Ria Kacang Hijau Stick,60,2000,3000,180000,1000,60000
15/11/2025,Aice Chocolate Crispy Stick,50,2340,3000,150000,660,33000
15/11/2025,Aice Strawberry Crispy,50,2200,3500,175000,1300,65000
15/11/2025,Aice Histeria Matcha,40,3800,5000,200000,1200,48000
15/11/2025,Mooochi Mango,40,"2362,5",3000,120000,"637,5",25500
15/11/2025,Mooochi Vanilla,40,"2362,5",3000,120000,"637,5",25500
15/11/2025,Aice Crispy Balls Cookies N Cream Stick,30,3950,5000,150000,1050,31500
15/11/2025,Aice Mangoslush Less Sugar,30,"4033,333333",4500,135000,"466,6666667",14000
16/11/2025,Sand.Ckl,14,6000,7000,98000,1000,14000
16/11/2025,Sand.Kacang,2,6000,7000,14000,1000,2000
16/11/2025,Sand.Keju,7,6000,7000,49000,1000,7000
16/11/2025,Sandzup.Ckl,5,5000,6000,30000,1000,5000
16/11/2025,Sandzup.Strw,3,5000,6000,18000,1000,3000
16/11/2025,Choco Bun,10,4000,4500,45000,500,5000
16/11/2025,Choco Cheese GT,14,4000,4500,63000,500,7000
16/11/2025,Swe Cheese Bun GT,1,4000,4500,4500,500,500
16/11/2025,Straw Bun GT,1,4000,4500,4500,500,500
16/11/2025,Blue Bun GT,2,4000,5000,10000,1000,2000
16/11/2025,Coconut Bun GT,1,4000,4500,4500,500,500
16/11/2025,Z Krim Cokelat,1,5000,6000,6000,1000,1000
16/11/2025,Z Krim Chodbl,1,5000,6000,6000,1000,1000
16/11/2025,Z Krim Strawberry,1,5000,6000,6000,1000,1000
16/11/2025,Dryk Ckl,5,6000,7000,35000,1000,5000
16/11/2025,Dryk Straw,2,6000,7000,14000,1000,2000
16/11/2025,Dryk Nastar,2,6000,7000,14000,1000,2000
16/11/2025,Ksr Keju,1,13500,14500,14500,1000,1000
16/11/2025,Sbk Cokelat,1,18000,18500,18500,500,500
16/11/2025,Sbk Cokelat Keju,2,18000,18500,37000,500,1000
16/11/2025,Ksr Krim Meses,1,11500,12500,12500,1000,1000
16/11/2025,Sbk Duo Cokelat,1,8000,11000,11000,3000,3000
16/11/2025,Sbk Duo Cokelat Keju,2,8500,9000,18000,500,1000
16/11/2025,Chif Cokelat,4,5000,5500,22000,500,2000
16/11/2025,Chif Pandan,1,5000,5500,5500,500,500
16/11/2025,Waffle Ori,1,5000,5500,5500,500,500
16/11/2025,Bayam,16,9000,10000,160000,1000,16000
16/11/2025,Makban,100,4000,5000,500000,1000,100000
16/11/2025,Nasi Cokot,5,5000,6000,30000,1000,5000
16/11/2025,Sosis Solo,21,2500,3000,63000,500,10500
16/11/2025,Pangsit Bojot,4,10000,11000,44000,1000,4000
16/11/2025,Pangsit Goreng,1,9000,10000,10000,1000,1000
16/11/2025,Tempe,14,2000,2500,35000,500,7000
16/11/2025,Lontong,9,2000,2500,22500,500,4500
16/11/2025,Ali Agrem,7,2000,2500,17500,500,3500
16/11/2025,Ricebowl,21,10000,11000,231000,1000,21000
16/11/2025,Cilok,20,2500,3000,60000,500,10000
16/11/2025,Karoket,18,1500,2000,36000,500,9000
16/11/2025,Sosis Solo,40,2500,3000,120000,500,20000
16/11/2025,Piscok,29,3000,3500,101500,500,14500
16/11/2025,Ali Agrem,24,2000,2500,60000,500,12000
16/11/2025,Lontong,12,2000,2500,30000,500,6000
16/11/2025,Piscok,28,3000,3500,98000,500,14000
16/11/2025,Hanaang,100,6500,7500,750000,1000,100000
16/11/2025,Ricebowl,8,10000,11000,88000,1000,8000
16/11/2025,Ricebowl,37,10000,11000,407000,1000,37000
16/11/2025,Sosis Solo,53,2500,3000,159000,500,26500
17/11/2025,Makaroni,310,1600,2500,775000,900,279000
20/11/2025,Lontong,16,2000,2500,40000,500,8000
20/11/2025,Ali Agrem,5,2000,2500,12500,500,2500
20/11/2025,Kopi Sosio,13,12500,13000,169000,500,6500
20/11/2025,Baso Mercon,12,6000,7000,84000,1000,12000
20/11/2025,Sus,54,3000,3500,189000,500,27000
20/11/2025,Otak-Otak,107,1000,2000,214000,1000,107000
20/11/2025,Nasi Cokot,26,5000,6000,156000,1000,26000
20/11/2025,Cilok,32,2500,3000,96000,500,16000
20/11/2025,Karoket,25,1500,2000,50000,500,12500
20/11/2025,Rarawuan,11,2000,2500,27500,500,5500
20/11/2025,Ricebowl,20,10000,11000,220000,1000,20000
20/11/2025,Cireng Danu,100,2000,2500,250000,500,50000
20/11/2025,Si Lahetot,55,5000,6000,330000,1000,55000
20/11/2025,Pangsit Bojot,13,10000,11000,143000,1000,13000
20/11/2025,Pangsit Goreng,8,9000,10000,80000,1000,8000
21/11/2025,Kopi Sosio,8,12500,13000,104000,500,4000
21/11/2025,Keriwil,30,2500,3000,90000,500,15000
21/11/2025,Seblak Beton,19,2500,3000,57000,500,9500
21/11/2025,Sand.Ckl,6,6000,7000,42000,1000,6000
21/11/2025,Sand.Kacang,2,6000,7000,14000,1000,2000
21/11/2025,Sand.Keju,2,6000,7000,14000,1000,2000
21/11/2025,Sand.Sarikaya,2,6000,7000,14000,1000,2000
21/11/2025,Sandzup.Ckl,2,5000,6000,12000,1000,2000
21/11/2025,Sandzup.Moc,4,5000,6000,24000,1000,4000
21/11/2025,Sandzup.Strw,1,5000,6000,6000,1000,1000
21/11/2025,Choco Bun,7,4000,4500,31500,500,3500
21/11/2025,Choco Cheese GT,9,4000,4500,40500,500,4500
21/11/2025,Swe Cheese Bun GT,1,4000,4500,4500,500,500
21/11/2025,Straw Bun GT,2,4000,4500,9000,500,1000
21/11/2025,Blue Bun GT,1,4000,5000,5000,1000,1000
21/11/2025,Coconut Bun GT,1,4000,4500,4500,500,500
21/11/2025,Z Krim Cokelat,1,5000,6000,6000,1000,1000
21/11/2025,Z Krim Moka,1,5000,6000,6000,1000,1000
21/11/2025,Dryk Ckl,2,6000,7000,14000,1000,2000
21/11/2025,Dryk Straw,2,6000,7000,14000,1000,2000
21/11/2025,Dryk Martabak,1,6000,7000,7000,1000,1000
21/11/2025,Dryk Pandan Sarikaya,1,6000,7000,7000,1000,1000
21/11/2025,Ksr Keju,2,13500,14500,29000,1000,2000
21/11/2025,Sisir Mentega,1,11000,12000,12000,1000,1000
21/11/2025,Sbk Cokelat,1,18000,18500,18500,500,500
21/11/2025,Sbk Cokelat Sarikaya,1,18000,18500,18500,500,500
21/11/2025,Ksr Krim Meses,1,11500,12500,12500,1000,1000
21/11/2025,Chif Cokelat,4,5000,5500,22000,500,2000
21/11/2025,Waffle Ori,1,5000,5500,5500,500,500
21/11/2025,Baso Mercon,10,6000,7000,70000,1000,10000
21/11/2025,Ricebowl,15,10000,11000,165000,1000,15000
21/11/2025,Sus,15,3000,3500,52500,500,7500
21/11/2025,Bakwan dan Gehu,24,2000,2500,60000,500,12000
21/11/2025,Otak-Otak,84,1000,2000,168000,1000,84000
21/11/2025,Nasi Cokot,27,5000,6000,162000,1000,27000
21/11/2025,Si Lahetot,21,5000,6000,126000,1000,21000
21/11/2025,Cilok,36,2500,3000,108000,500,18000
21/11/2025,Karoket,11,1500,2000,22000,500,5500
21/11/2025,Cireng Danu,100,2000,2500,250000,500,50000
21/11/2025,Sosis Solo,40,2500,3000,120000,500,20000
24/11/2025,Cireng Danu,90,2000,2500,225000,500,45000
24/11/2025,Gemblong,107,2000,2500,267500,500,53500
24/11/2025,Otak-Otak,120,1000,2000,240000,1000,120000
24/11/2025,Ricebowl,22,10000,11000,242000,1000,22000
24/11/2025,Moring,99,4000,5000,495000,1000,99000
24/11/2025,Bakwan,51,2000,2500,127500,500,25500
24/11/2025,Sus,70,3000,3500,245000,500,35000
24/11/2025,Cookies,25,6000,7000,175000,1000,25000
24/11/2025,Lontong,54,2000,2500,135000,500,27000
24/11/2025,Cireng Japlun,50,2000,2500,125000,500,25000
24/11/2025,Rafa Putra,54,1600,2000,108000,400,21600
24/11/2025,Nasi Bakar,11,8000,9000,99000,1000,11000
24/11/2025,Ricebowl,25,10000,11000,275000,1000,25000
24/11/2025,Cireng Danu,100,2000,2500,250000,500,50000
24/11/2025,Cilok,43,2500,3000,129000,500,21500
24/11/2025,Karoket,23,1500,2000,46000,500,11500
24/11/2025,Rarawuan,20,2000,2500,50000,500,10000
24/11/2025,Cicos,26,4000,5000,130000,1000,26000
24/11/2025,Donat,25,2500,3000,75000,500,12500
24/11/2025,Ketan,20,2000,3000,60000,1000,20000
24/11/2025,Dadar Gulung,18,2500,3000,54000,500,9000
24/11/2025,Risol Mayo,150,3000,3500,525000,500,75000
24/11/2025,Pastel,20,3000,3500,70000,500,10000
24/11/2025,Lumpia Goreng,20,3000,3500,70000,500,10000
24/11/2025,Pangsit Bojot,28,10000,11000,308000,1000,28000
24/11/2025,Pangsit Goreng,12,9000,10000,120000,1000,12000
24/11/2025,Elang Snack,41,8500,9000,369000,500,20500
25/11/2025,Cireng Danu,100,2000,2500,250000,500,50000
25/11/2025,Gemblong,93,2000,2500,232500,500,46500
25/11/2025,Ricebowl,13,10000,11000,143000,1000,13000
25/11/2025,Cireng Japlun,50,2000,2500,125000,500,25000
25/11/2025,Sand.Ckl,6,6000,7000,42000,1000,6000
25/11/2025,Sand.Kacang,3,6000,7000,21000,1000,3000
25/11/2025,Sand.Keju,3,6000,7000,21000,1000,3000
25/11/2025,Sand.Sarikaya,7,6000,7000,49000,1000,7000
25/11/2025,Sandzup.Ckl,2,5000,6000,12000,1000,2000
25/11/2025,Sandzup.Moc,4,5000,6000,24000,1000,4000
25/11/2025,Sandzup.Strw,2,5000,6000,12000,1000,2000
25/11/2025,Choco Bun,8,4000,4500,36000,500,4000
25/11/2025,Choco Cheese GT,9,4000,4500,40500,500,4500
25/11/2025,Swe Cheese Bun GT,1,4000,4500,4500,500,500
25/11/2025,Straw Bun GT,1,4000,4500,4500,500,500
25/11/2025,Blue Bun GT,1,4000,5000,5000,1000,1000
25/11/2025,Z Krim Keju,1,5000,6000,6000,1000,1000
25/11/2025,Z Krim Moka,1,5000,6000,6000,1000,1000
25/11/2025,Dryk Ckl,2,6000,7000,14000,1000,2000
25/11/2025,Dryk Straw,2,6000,7000,14000,1000,2000
25/11/2025,Ksr Keju,2,13500,14500,29000,1000,2000
25/11/2025,Sisir Mentega,1,11000,12000,12000,1000,1000
25/11/2025,Sbk Cokelat Sarikaya,1,18000,18500,18500,500,500
25/11/2025,Chif Cokelat,5,5000,5500,27500,500,2500
25/11/2025,Chif Pandan,1,5000,5500,5500,500,500
25/11/2025,Buah Potong,9,7000,8000,72000,1000,9000
25/11/2025,Lontong,31,2000,2500,77500,500,15500
25/11/2025,Ricebowl,47,10000,11000,517000,1000,47000
25/11/2025,Si Lahetot,106,5000,6000,636000,1000,106000
25/11/2025,Baso Mercon,18,6000,7000,126000,1000,18000
25/11/2025,Sus,74,3000,3500,259000,500,37000
25/11/2025,Bakwan,33,2000,2500,82500,500,16500
25/11/2025,Risol Mayo,144,3000,3500,504000,500,72000
25/11/2025,Risol Mayo Pedas,57,3000,4000,228000,1000,57000
25/11/2025,Otak-Otak,120,1000,2000,240000,1000,120000
25/11/2025,Cilok,47,2500,3000,141000,500,23500
25/11/2025,Karoket,20,1500,2000,40000,500,10000
25/11/2025,Rarawuan,13,2000,2500,32500,500,6500
25/11/2025,Cicos,19,4000,5000,95000,1000,19000
25/11/2025,Donat,25,2500,3000,75000,500,12500
25/11/2025,Ketan,20,2000,3000,60000,1000,20000
25/11/2025,Dadar Gulung,18,2500,3000,54000,500,9000
25/11/2025,Nasi Bakar,16,8000,9000,144000,1000,16000
25/11/2025,Cireng Danu,100,2000,2500,250000,500,50000
25/11/2025,Lumpia Goreng,22,3000,3500,77000,500,11000
25/11/2025,Pastel,25,3000,3500,87500,500,12500
25/11/2025,Pangsit Bojot,34,10000,11000,374000,1000,34000
25/11/2025,Pangsit Goreng,11,9000,10000,110000,1000,11000
25/11/2025,Spagetti,15,9000,10000,150000,1000,15000
25/11/2025,Sosis Solo,40,2500,3000,120000,500,20000
26/11/2025,Usus,90,2000,2500,225000,500,45000
26/11/2025,Otak-Otak,103,1000,2000,206000,1000,103000
26/11/2025,Cireng Japlun,50,2000,2500,125000,500,25000
26/11/2025,Risol Mayo Pedas,31,3000,4000,124000,1000,31000
26/11/2025,Si Lahetot,86,5000,6000,516000,1000,86000
26/11/2025,Risol Mayo,100,3000,3500,350000,500,50000
26/11/2025,Cicos,12,4000,5000,60000,1000,12000
26/11/2025,Cilok,62,2500,3000,186000,500,31000
26/11/2025,Karoket,30,1500,2000,60000,500,15000
26/11/2025,Nasi Bakar,4,8000,9000,36000,1000,4000
26/11/2025,Cireng Danu,100,2000,2500,250000,500,50000
26/11/2025,Ricebowl,46,10000,11000,506000,1000,46000
26/11/2025,Pangsit Bojot,21,10000,11000,231000,1000,21000
26/11/2025,Pangsit Goreng,9,9000,10000,90000,1000,9000
26/11/2025,Dimsum Mentai,12,10000,11000,132000,1000,12000
26/11/2025,Cireng Danu,92,2000,2500,230000,500,46000
26/11/2025,Gemblong,63,2000,2500,157500,500,31500
26/11/2025,Donat,28,2500,3000,84000,500,14000
26/11/2025,Ketan,20,2000,3000,60000,1000,20000
26/11/2025,Dadar Gulung,10,2500,3000,30000,500,5000
26/11/2025,Ricebowl Pa Hadi,17,12000,13000,221000,1000,17000
26/11/2025,Cibay,18,1500,2000,36000,500,9000
26/11/2025,CC Roll,35,1500,2000,70000,500,17500
26/11/2025,Onigiri,15,9000,10000,150000,1000,15000
26/11/2025,Bakwan,24,2000,2500,60000,500,12000
26/11/2025,Susu,61,3000,3500,213500,500,30500
26/11/2025,Lumpia Goreng,13,3000,3500,45500,500,6500
26/11/2025,Pastel,25,3000,3500,87500,500,12500
26/11/2025,Spagetti,16,9000,10000,160000,1000,16000
26/11/2025,Sosis Solo,46,2500,3000,138000,500,23000
27/11/2025,Bakwan,18,2000,2500,45000,500,9000
27/11/2025,Sus,70,3000,3500,245000,500,35000
27/11/2025,Ricebowl,43,10000,11000,473000,1000,43000
27/11/2025,Ricebowl,8,10000,11000,88000,1000,8000
27/11/2025,Otak-Otak,65,1000,2000,130000,1000,65000
27/11/2025,Risol Mayo Pedas,60,3000,4000,240000,1000,60000
27/11/2025,Nasi Bakar,10,8000,9000,90000,1000,10000
27/11/2025,Pangsit Bojot,20,10000,11000,220000,1000,20000
27/11/2025,Pangsit Goreng,10,9000,10000,100000,1000,10000
27/11/2025,Cireng Japlun,50,2000,2500,125000,500,25000
27/11/2025,Si Lahetot,96,5000,6000,576000,1000,96000
27/11/2025,Lumpia Goreng,13,3000,3500,45500,500,6500
27/11/2025,Pastel,22,3000,3500,77000,500,11000
27/11/2025,Onigiri,16,9000,10000,160000,1000,16000
27/11/2025,Cireng Danu,100,2000,2500,250000,500,50000
27/11/2025,Ricebowl Pa Hadi,17,12000,13000,221000,1000,17000
27/11/2025,Cibay,18,1500,2000,36000,500,9000
27/11/2025,CC Roll,40,1500,2000,80000,500,20000
27/11/2025,Cicos,13,4000,5000,65000,1000,13000
27/11/2025,Cireng Danu,98,2000,2500,245000,500,49000
27/11/2025,Gemblong,63,2000,2500,157500,500,31500
27/11/2025,Cilok,62,2500,3000,186000,500,31000
27/11/2025,Karoket,29,1500,2000,58000,500,14500
27/11/2025,Rarawuan,20,2000,2500,50000,500,10000
27/11/2025,Nasi Cokot,40,5000,6000,240000,1000,40000
27/11/2025,Donat,29,2500,3000,87000,500,14500
27/11/2025,Dadar Gulung,11,2500,3000,33000,500,5500
27/11/2025,Ketan,20,2000,3000,60000,1000,20000
27/11/2025,Buah Potong,4,7000,8000,32000,1000,4000
27/11/2025,Tempe,31,2000,2500,77500,500,15500
27/11/2025,Roti Pandan Pisang Coklat,1,7000,8000,8000,1000,1000
27/11/2025,Puding,26,2000,2500,65000,500,13000
27/11/2025,Ades,216,"1812,5",3500,756000,"1687,5",364500
27/11/2025,Frestea Markisa,48,3104,4000,192000,896,43008
27/11/2025,Frestea Apple,24,3104,4000,96000,896,21504
27/11/2025,Frestea Jasmine,24,3104,4000,96000,896,21504
27/11/2025,Frestea Green Honey,24,3104,4000,96000,896,21504
27/11/2025,Frestea Blackcurrant,24,3104,4000,96000,896,21504
27/11/2025,Minute Maid Pulpy,60,"4494,333333",5000,300000,"505,6666667",30340
27/11/2025,Spagetti,19,9000,10000,190000,1000,19000
27/11/2025,Sosis Solo,42,2500,3000,126000,500,21000
27/11/2025,Risol Mayo,105,3000,3500,367500,500,52500
28/11/2025,Nasi Bakar,3,8000,9000,27000,1000,3000
28/11/2025,Milo 22gr,10,"1862,5",3000,30000,"1137,5",11375
28/11/2025,Koko Crunch,40,1700,2000,80000,300,12000
28/11/2025,Carnation,1,17500,18500,18500,1000,1000
28/11/2025,Ice Roast,10,1180,3000,30000,1820,18200
28/11/2025,Dancow Putih,10,"3615,3",4000,40000,"384,7",3847
28/11/2025,Dancow Cokelat,10,"3615,3",4000,40000,"384,7",3847
28/11/2025,Nescafe 3 in 1,30,1470,3000,90000,1530,45900
28/11/2025,Nescafe Kaleng,24,"5729,166667",7000,168000,"1270,833333",30500
28/11/2025,Basreng,100,5000,6000,600000,1000,100000
28/11/2025,Sand.Ckl,11,6000,7000,77000,1000,11000
28/11/2025,Sand.Kacang,3,6000,7000,21000,1000,3000
28/11/2025,Sand.Keju,7,6000,7000,49000,1000,7000
28/11/2025,Sandzup.Ckl,6,5000,6000,36000,1000,6000
28/11/2025,Sandzup.Strw,3,5000,6000,18000,1000,3000
28/11/2025,Choco Bun,12,4000,4500,54000,500,6000
28/11/2025,Choco Cheese GT,14,4000,4500,63000,500,7000
28/11/2025,Swe Cheese Bun GT,1,4000,4500,4500,500,500
28/11/2025,Blue Bun GT,2,4000,5000,10000,1000,2000
28/11/2025,Coconut Bun GT,1,4000,4500,4500,500,500
28/11/2025,Z Krim Cokelat,1,5000,6000,6000,1000,1000
28/11/2025,Z Krim Chodbl,1,5000,6000,6000,1000,1000
28/11/2025,Dryk Ckl,3,6000,7000,21000,1000,3000
28/11/2025,Dryk Martabak,1,6000,7000,7000,1000,1000
28/11/2025,Dryk Nastar,1,6000,7000,7000,1000,1000
28/11/2025,Sbk Cokelat,2,18000,18500,37000,500,1000
28/11/2025,Sbk Cokelat Keju,1,18000,18500,18500,500,500
28/11/2025,Ksr Krim Meses,1,11500,12500,12500,1000,1000
28/11/2025,Sbk Duo Cokelat,2,8000,9500,19000,1500,3000
28/11/2025,Sbk Duo Cokelat Keju,1,8500,9000,9000,500,500
28/11/2025,Chif Cokelat,3,5000,5500,16500,500,1500
28/11/2025,Chif Pandan,1,5000,5500,5500,500,500
28/11/2025,Waffle Ori,1,5000,5500,5500,500,500
28/11/2025,Al Ma'soem,1416,"1313,559322",3000,4248000,"1686,440678",2388000
28/11/2025,Basreng,200,5000,6000,1200000,1000,200000
28/11/2025,Cireng Japlun,34,2000,2500,85000,500,17000
28/11/2025,Baso Mercon,14,6000,7000,98000,1000,14000
28/11/2025,Lumpia Goreng,6,3000,3500,21000,500,3000
28/11/2025,Pastel,13,3000,3500,45500,500,6500
28/11/2025,Bakwan,14,2000,2500,35000,500,7000
28/11/2025,Sus,15,3000,3500,52500,500,7500
28/11/2025,Donat,26,2500,3000,78000,500,13000
28/11/2025,Ketan,11,2000,3000,33000,1000,11000
28/11/2025,Dadar Gulung,8,2500,3000,24000,500,4000
28/11/2025,Ricebowl,15,10000,11000,165000,1000,15000
28/11/2025,Onigiri,4,9000,10000,40000,1000,4000
28/11/2025,Cireng Japlun,89,2000,2500,222500,500,44500
28/11/2025,Nasi Cokot,21,5000,6000,126000,1000,21000
28/11/2025,Si Lahetot,30,5000,6000,180000,1000,30000
28/11/2025,Cilok,14,2500,3000,42000,500,7000
28/11/2025,Karoket,11,1500,2000,22000,500,5500
28/11/2025,Otak-Otak,51,1000,2000,102000,1000,51000
28/11/2025,Cireng Japlun,41,2000,2500,102500,500,20500
28/11/2025,Ricebowl Pa Hadi,5,12000,13000,65000,1000,5000
28/11/2025,Cibay,9,1500,2000,18000,500,4500
28/11/2025,CC Roll,23,1500,2000,46000,500,11500
28/11/2025,Pangsit Bojot,4,10000,11000,44000,1000,4000
28/11/2025,Pangsit Goreng,5,9000,10000,50000,1000,5000
28/11/2025,Risol Mayo,21,3000,3500,73500,500,10500
28/11/2025,Spagetti,4,9000,10000,40000,1000,4000
28/11/2025,Sosis Solo,20,2500,3000,60000,500,10000
28/11/2025,Mooochi Vanilla,40,"2362,5",3000,120000,"637,5",25500
28/11/2025,Aice Mochi Peach,40,"2312,5",3000,120000,"687,5",27500
28/11/2025,Aice Sweet Corn,40,2400,3000,120000,600,24000
28/11/2025,Aice Strawberry Crispy,50,2200,3500,175000,1300,65000
28/11/2025,Aice Crispy Balls Cookies N Cream Stick,30,3950,5000,150000,1050,31500
28/11/2025,Aice Chocolate Crispy Stick,50,2340,3000,150000,660,33000
28/11/2025,Aice Histeria Matcha,40,3800,5000,200000,1200,48000
28/11/2025,Aice Histeria Stick,40,3800,7000,280000,3200,128000
28/11/2025,Aice Chocolate Sundae Cup,24,"4041,666667",5000,120000,"958,3333333",23000
28/11/2025,Aice Strawberry Sundae Cup,24,"4041,666667",5000,120000,"958,3333333",23000
28/11/2025,Aice Durian Cup,16,"8594,5",9000,144000,"405,5",6488
28/11/2025,Honeymon,48,5900,6000,288000,100,4800
29/11/2025,Cireng Japlun,38,2000,2500,95000,500,19000
29/11/2025,Tango Waffle Hazelnut,24,"916,6666667",1000,24000,"83,33333333",2000
29/11/2025,Dilan 5 in 1,12,"1833,333333",2000,24000,"166,6666667",2000
29/11/2025,Max Tea,20,2500,3000,60000,500,10000
29/11/2025,Good Day Cappuccino,20,2100,3000,60000,900,18000
29/11/2025,Indocafemix,40,1550,3000,120000,1450,58000
29/11/2025,Good Day Moccacino,30,1500,3000,90000,1500,45000
29/11/2025,Kapal Api Mix,100,1750,3000,300000,1250,125000
29/11/2025,Sari Gandum,24,"1666,666667",2000,48000,"333,3333333",8000
29/11/2025,Chocolatos Mix,72,"916,6666667",1000,72000,"83,33333333",6000
29/11/2025,Chocolatos 500,24,"604,1666667",1000,24000,"395,8333333",9500
29/11/2025,Bengbeng,34,"2176,470588",2500,85000,"323,5294118",11000
29/11/2025,Pop Mie Ayam Bawang,24,"4791,666667",6000,144000,"1208,333333",29000
29/11/2025,Pop Mie Dower Kuah,12,5000,6000,72000,1000,12000
29/11/2025,Ultra Cokelat,72,5250,6000,432000,750,54000
29/11/2025,Floridina Coco,48,"2708,333333",3500,168000,"791,6666667",38000
29/11/2025,Sedaap Mie Cup Goreng,12,4450,6000,72000,1550,18600
29/11/2025,Sedaap Mie Cup Korean Spicy,12,4450,6000,72000,1550,18600
29/11/2025,Sedaap Mie Cup Ayam Jerit,12,4250,6000,72000,1750,21000
29/11/2025,Bakwan,22,2000,2500,55000,500,11000
29/11/2025,Sus,24,3000,3500,84000,500,12000
29/11/2025,Si Lahetot,29,5000,6000,174000,1000,29000
29/11/2025,Bear Brand,60,"9801,666667",11000,660000,"1198,333333",71900
29/11/2025,Milo kaleng,48,"8570,958333",10000,480000,"1429,041667",68594
29/11/2025,Nescafe Kaleng,24,"5729,166667",7000,168000,"1270,833333",30500
29/11/2025,Risol Mayo,34,3000,3500,119000,500,17000
29/11/2025,Spagetti,9,9000,10000,90000,1000,9000
29/11/2025,Sosis Solo,26,2500,3000,78000,500,13000
TOTAL,,,,,140698300,,28289851
,,,,,140.698.300,,28.289.851