Tanggal,"Nama Barang",Quantity,Satuan,"Harga Satuan","Total Harga","Harga Jual",Laba,Revenue,Margin,"Jenis Produk"
05/01/2026,"Moring Sedang Pedas",75,Pcs,8000,600000,10000,150000,750000,25%,Harian
05/01/2026,"Moring Sedang Ori",30,Pcs,8000,240000,10000,60000,300000,25%,Ritel
05/01/2026,"Moring Kecil Pedas",155,Pcs,4000,620000,5000,155000,775000,25%,Ritel
05/01/2026,"Moring Kecil Ori",95,Pcs,4000,380000,5000,95000,475000,25%,Ritel
05/01/2026,Puding,50,Pcs,2000,100000,2500,50000,150000,50%,Harian
05/01/2026,Buah,4,Pcs,7000,28000,8000,4000,32000,"14,28571429%",Harian
05/01/2026,Onde,24,Pcs,2500,60000,6000,12000,72000,20%,Ritel
05/01/2026,Odading,13,Pcs,2500,32500,3000,6500,39000,20%,Ritel
05/01/2026,Lemper,8,Pcs,3000,24000,3000,4000,28000,"16,66666667%",Ritel
05/01/2026,Cucur,3,Pcs,2500,7500,6000,1500,9000,20%,Harian
05/01/2026,Kriwil,36,Pcs,2500,90000,3000,18000,108000,20%,Harian
05/01/2026,"Seblak Beton",24,Pcs,2500,60000,3000,12000,72000,20%,Ritel
05/01/2026,Cistik,15,Pcs,2500,37500,3000,7500,45000,20%,Harian
05/01/2026,Bakwan,20,Pcs,2000,40000,2500,10000,50000,25%,Harian
05/01/2026,Sus,19,Pcs,3000,57000,3500,9500,66500,"16,66666667%",Ritel
05/01/2026,"Sosis Solo",46,Pcs,2500,115000,3000,23000,138000,20%,Ritel
05/01/2026,Spagetti,13,Pcs,9000,117000,10000,13000,130000,"11,11111111%",Harian
05/01/2026,"Cireng Japlun",59,Pcs,2000,118000,2500,29500,147500,25%,#N/A
05/01/2026,"Pangsit Bojot",10,Pcs,10000,100000,12000,20000,120000,20%,Harian
05/01/2026,"Pangsit Goreng",7,Pcs,9000,63000,10000,7000,70000,"11,11111111%",Harian
05/01/2026,"Si Lahetot",29,Pcs,5000,145000,6000,58000,203000,40%,Harian
05/01/2026,Ricebowl,25,Pcs,10000,250000,12000,50000,300000,20%,Ritel
05/01/2026,"Nasi Cokot",40,Pcs,5000,200000,6000,80000,280000,40%,Harian
05/01/2026,Cilok,22,Pcs,2500,55000,3000,22000,77000,40%,Harian
05/01/2026,Karoket,17,Pcs,1500,25500,2000,8500,34000,"33,33333333%",Ritel
05/01/2026,Donat,26,Pcs,2500,65000,3000,13000,78000,20%,Ritel
05/01/2026,"Dadar Gulung",10,Pcs,2500,25000,3000,5000,30000,20%,Ritel
05/01/2026,Ketan,12,Pcs,2000,24000,3000,6000,30000,25%,Harian
05/01/2026,"Risol Mayo",48,Pcs,3000,144000,3500,24000,168000,"16,66666667%",Harian
05/01/2026,"Cireng Danu",90,Pcs,2000,180000,2500,45000,225000,25%,#N/A
05/01/2026,Waffle,30,Pcs,5000,150000,6000,30000,180000,20%,Ritel
05/01/2026,"Lunch Pack Cheese Cake",7,Pcs,5000,35000,6000,7000,42000,20%,Harian
05/01/2026,"Sandwich Margarin Manis",8,Pcs,4500,36000,5400,7200,43200,20%,Ritel
05/01/2026,"Sandwich Cokelat",8,Pcs,4500,36000,5400,7200,43200,20%,Ritel
05/01/2026,"Sandwich Sarikaya",1,Pcs,4500,4500,5400,900,5400,20%,Ritel
05/01/2026,"Sobek Cokelat",1,Pcs,16500,16500,19800,3300,19800,20%,Ritel
05/01/2026,"Sobek Cokelat Keju",2,Pcs,16500,33000,19800,6600,39600,20%,Ritel
05/01/2026,"Sobek Cokelat Susu",2,Pcs,16500,33000,19800,6600,39600,20%,Ritel
05/01/2026,"Funwari Roll Cokelat",5,Pcs,6000,30000,7200,6000,36000,20%,Ritel
05/01/2026,"Funwari Roll Cheese",5,Pcs,6000,30000,7200,6000,36000,20%,Ritel
05/01/2026,"Roti isi Cokelat",1,Pcs,5000,5000,6000,1000,6000,20%,Harian
05/01/2026,"Roti isi Susu",1,Pcs,5000,5000,6000,1000,6000,20%,Ritel
05/01/2026,"Steam Cake Cheese",1,Pcs,9000,9000,10800,1800,10800,20%,Ritel
05/01/2026,"Steam Cake Cokelat",2,Pcs,9000,18000,10800,3600,21600,20%,Harian
05/01/2026,"Steam Cake Strawberry Choco",2,Pcs,9000,18000,10800,3600,21600,20%,Ritel
05/01/2026,"Danish Bread Cheese",1,Pcs,16500,16500,19800,3300,19800,20%,Ritel
05/01/2026,"Danish Roll Triple Cheese",2,Pcs,7500,15000,9000,3000,18000,20%,Ritel
05/01/2026,"Twist Cokelat",3,Pcs,6000,18000,8000,6000,24000,"33,33333333%",Ritel
05/01/2026,Sus,69,Pcs,3000,207000,3500,34500,241500,"16,66666667%",Ritel
05/01/2026,Bakwan,50,Pcs,2000,100000,2500,25000,125000,25%,Harian
05/01/2026,"Ricebowl Pa Hadi",33,Pcs,12000,396000,14000,66000,462000,"16,66666667%",Harian
05/01/2026,Cibay,25,Pcs,1500,37500,2000,12500,50000,"33,33333333%",Ritel
05/01/2026,"CC roll",45,Pcs,1500,67500,2000,22500,90000,"33,33333333%",Harian
05/01/2026,"Cireng Danu",90,Pcs,2000,180000,2500,45000,225000,25%,#N/A
05/01/2026,Cilok,74,Pcs,2500,185000,3000,74000,259000,40%,Harian
05/01/2026,Karoket,36,Pcs,1500,54000,2000,18000,72000,"33,33333333%",Ritel
05/01/2026,Ricebowl,30,Pcs,10000,300000,12000,60000,360000,20%,Ritel
05/01/2026,"Cireng Danu",99,Pcs,2000,198000,2500,49500,247500,25%,#N/A
05/01/2026,Pastel,12,Pcs,3000,36000,2500,6000,42000,"16,66666667%",Harian
05/01/2026,"Lumpia Goreng",18,Pcs,3000,54000,3500,9000,63000,"16,66666667%",Ritel
05/01/2026,"Kentang Goreng",18,Pcs,9000,162000,10000,18000,180000,"11,11111111%",Ritel
05/01/2026,"Nasi Cokot",65,Pcs,5000,325000,6000,130000,455000,40%,Harian
05/01/2026,Risoles,20,Pcs,1500,30000,2000,10000,40000,"33,33333333%",Harian
05/01/2026,"Cireng Irfan",30,Pcs,1500,45000,2000,15000,60000,"33,33333333%",#N/A
05/01/2026,Cibay,30,Pcs,1500,45000,2000,15000,60000,"33,33333333%",Ritel
05/01/2026,"Pangsit Bojot",28,Pcs,10000,280000,12000,56000,336000,20%,Harian
05/01/2026,"Pangsit Goreng",12,Pcs,9000,108000,10000,12000,120000,"11,11111111%",Harian
05/01/2026,Spagetti,17,Pcs,9000,153000,10000,17000,170000,"11,11111111%",Harian
05/01/2026,"Sosis Solo",47,Pcs,2500,117500,3000,23500,141000,20%,Ritel
05/01/2026,"Risol Mayo",145,Pcs,3000,435000,3500,72500,507500,"16,66666667%",Harian
06/01/2026,Sus,72,Pcs,3000,216000,3500,36000,252000,"16,66666667%",Ritel
06/01/2026,Bakwan,37,Pcs,2000,74000,2500,18500,92500,25%,Harian
06/01/2026,Cilok,77,Pcs,2500,192500,3000,77000,269500,40%,Harian
06/01/2026,Karoket,40,Pcs,1500,60000,2000,20000,80000,"33,33333333%",Ritel
06/01/2026,Donat,30,Pcs,2500,75000,3000,15000,90000,20%,Ritel
06/01/2026,"Dadar Gulung",17,Pcs,2500,42500,3000,8500,51000,20%,Ritel
06/01/2026,Ketan,23,Pcs,2000,46000,3000,11500,57500,25%,Harian
06/01/2026,"Cireng Danu",100,Pcs,2000,200000,2500,50000,250000,25%,#N/A
06/01/2026,Waffle,37,Pcs,5000,185000,6000,37000,222000,20%,Ritel
06/01/2026,"Ricebowl Pa Hadi",32,Pcs,12000,384000,14000,64000,448000,"16,66666667%",Harian
06/01/2026,Cibay,28,Pcs,1500,42000,2000,14000,56000,"33,33333333%",Ritel
06/01/2026,"CC roll",50,Pcs,1500,75000,2000,25000,100000,"33,33333333%",Harian
06/01/2026,"Bakwan dan Gehu",104,Pcs,2000,208000,2000,52000,260000,25%,Harian
06/01/2026,"Kentang Goreng",21,Pcs,9000,189000,10000,21000,210000,"11,11111111%",Ritel
06/01/2026,"Pangsit Bojot",35,Pcs,10000,350000,12000,70000,420000,20%,Harian
06/01/2026,"Pangsit Goreng",15,Pcs,9000,135000,10000,15000,150000,"11,11111111%",Harian
06/01/2026,"Baso Cilok Kriwil",29,Pcs,10000,290000,11000,29000,319000,10%,Harian
06/01/2026,"Sosis Solo",44,Pcs,2500,110000,3000,22000,132000,20%,Ritel
06/01/2026,Spagetti,17,Pcs,9000,153000,10000,17000,170000,"11,11111111%",Harian
06/01/2026,Ricebowl,31,Pcs,10000,310000,12000,62000,372000,20%,Ritel
06/01/2026,"Nasi Cokot",65,Pcs,5000,325000,6000,130000,455000,40%,Harian
06/01/2026,Otak-Otak,110,Pcs,1000,110000,1500,110000,220000,100%,Ritel
06/01/2026,"Risol Mayo Pedas",50,Pcs,3000,150000,4000,25000,175000,"16,66666667%",Harian
06/01/2026,"Nasi Bakar",10,Pcs,8000,80000,10000,20000,100000,25%,Harian
06/01/2026,"Cireng Japlun",50,Pcs,2000,100000,2500,25000,125000,25%,#N/A
06/01/2026,Lontong,33,Pcs,2000,66000,2500,16500,82500,25%,Harian
06/01/2026,Tempe,72,Pcs,2000,144000,2500,36000,180000,25%,Ritel
06/01/2026,Mochi,27,Pcs,4500,121500,5000,13500,135000,"11,11111111%",Ritel
06/01/2026,Pikdas,150,Pcs,4000,600000,5000,150000,750000,25%,Harian
06/01/2026,Ricebowl,15,Pcs,10000,150000,12000,30000,180000,20%,Ritel
06/01/2026,"Cireng Danu",93,Pcs,2000,186000,2500,46500,232500,25%,#N/A
06/01/2026,"Lumpia Goreng",30,Pcs,3000,90000,3500,15000,105000,"16,66666667%",Ritel
06/01/2026,Pastel,19,Pcs,3000,57000,2500,9500,66500,"16,66666667%",Harian
06/01/2026,"Risol Mayo",150,Pcs,3000,450000,3500,75000,525000,"16,66666667%",Harian
07/01/2026,Puding,40,Pcs,2000,80000,2500,40000,120000,50%,Harian
07/01/2026,"Cireng Japlun",75,Pcs,2000,150000,2500,37500,187500,25%,#N/A
07/01/2026,Hanaang,30,Pcs,6500,195000,8000,45000,240000,"23,07692308%",Ritel
07/01/2026,Hanaang,60,Pcs,6500,390000,8000,90000,480000,"23,07692308%",Ritel
07/01/2026,Sus,56,Pcs,3000,168000,3500,28000,196000,"16,66666667%",Ritel
07/01/2026,Bakwan,23,Pcs,2000,46000,2500,11500,57500,25%,Harian
07/01/2026,Lontong,40,Pcs,2000,80000,2500,20000,100000,25%,Harian
07/01/2026,Tempe,53,Pcs,2000,106000,2500,26500,132500,25%,Ritel
07/01/2026,Buah,12,Pcs,7000,84000,8000,12000,96000,"14,28571429%",Harian
07/01/2026,"Ali Agrem",10,Pcs,2000,20000,2000,5000,25000,25%,Harian
07/01/2026,"Sosis Solo",60,Pcs,2500,150000,3000,30000,180000,20%,Ritel
07/01/2026,Spagetti,26,Pcs,9000,234000,10000,26000,260000,"11,11111111%",Harian
07/01/2026,Otak-Otak,120,Pcs,1000,120000,1500,120000,240000,100%,Ritel
07/01/2026,"Risol Mayo Pedas",50,Pcs,3000,150000,4000,25000,175000,"16,66666667%",Harian
07/01/2026,"Nasi Cokot",70,Pcs,5000,350000,6000,140000,490000,40%,Harian
07/01/2026,"Kentang Goreng",21,Pcs,9000,189000,10000,21000,210000,"11,11111111%",Ritel
07/01/2026,"Pangsit Goreng",15,Pcs,9000,135000,10000,15000,150000,"11,11111111%",Harian
07/01/2026,"Pangsit Bojot",35,Pcs,10000,350000,12000,70000,420000,20%,Harian
07/01/2026,"Karoket Ayam",35,Pcs,2500,87500,3000,17500,105000,20%,Harian
07/01/2026,"Kerupuk Refan Pedas",25,Pcs,5000,125000,6000,25000,150000,20%,Harian
07/01/2026,"Kripca Pedas",15,Pcs,5000,75000,6000,15000,90000,20%,Harian
07/01/2026,"Kripca Asin",14,Pcs,5000,70000,6000,14000,84000,20%,Ritel
07/01/2026,"Cireng Japlun",50,Pcs,2000,100000,2500,25000,125000,25%,#N/A
07/01/2026,Ricebowl,38,Pcs,10000,380000,12000,76000,456000,20%,Ritel
07/01/2026,Mochi,27,Pcs,4500,121500,5000,13500,135000,"11,11111111%",Ritel
07/01/2026,"Baso Cilok Kriwil",25,Pcs,10000,250000,11000,25000,275000,10%,Harian
07/01/2026,Waffle,30,Pcs,5000,150000,6000,30000,180000,20%,Ritel
07/01/2026,Risoles,20,Pcs,1500,30000,2000,10000,40000,"33,33333333%",Harian
07/01/2026,"Cireng Irfan",30,Pcs,1500,45000,2000,15000,60000,"33,33333333%",#N/A
07/01/2026,Cibay,30,Pcs,1500,45000,2000,15000,60000,"33,33333333%",Ritel
07/01/2026,Pastel,24,Pcs,3000,72000,2500,12000,84000,"16,66666667%",Harian
07/01/2026,"Lumpia Goreng",18,Pcs,3000,54000,3500,9000,63000,"16,66666667%",Ritel
07/01/2026,"Risol Mayo",146,Pcs,3000,438000,3500,73000,511000,"16,66666667%",Harian
07/01/2026,"Cireng Danu",100,Pcs,2000,200000,2500,50000,250000,25%,#N/A
07/01/2026,"Nasi Bakar",10,Pcs,8000,80000,10000,20000,100000,25%,Harian
07/01/2026,"Bakwan dan Gehu",106,Pcs,2000,212000,2000,53000,265000,25%,Harian
07/01/2026,"Ricebowl Pa Hadi",34,Pcs,12000,408000,14000,68000,476000,"16,66666667%",Harian
07/01/2026,"CC roll",60,Pcs,1500,90000,2000,30000,120000,"33,33333333%",Harian
07/01/2026,Ekado,15,Pcs,8000,120000,9000,15000,135000,"12,5%",Ritel
07/01/2026,Cilok,73,Pcs,2500,182500,3000,73000,255500,40%,Harian
07/01/2026,Karoket,31,Pcs,1500,46500,2000,15500,62000,"33,33333333%",Ritel
07/01/2026,"Si Lahetot",104,Pcs,5000,520000,6000,208000,728000,40%,Harian
07/01/2026,Donat,30,Pcs,2500,75000,3000,15000,90000,20%,Ritel
07/01/2026,"Dadar Gulung",19,Pcs,2500,47500,3000,9500,57000,20%,Ritel
07/01/2026,Ketan,25,Pcs,2000,50000,3000,12500,62500,25%,Harian
08/01/2026,Buah,11,Pcs,7000,77000,8000,11000,88000,"14,28571429%",Harian
08/01/2026,"Ali Agrem",27,Pcs,2000,54000,2000,13500,67500,25%,Harian
08/01/2026,Lontong,50,Pcs,2000,100000,2500,25000,125000,25%,Harian
08/01/2026,Tempe,65,Pcs,2000,130000,2500,32500,162500,25%,Ritel
08/01/2026,"Nasi Cokot",70,Pcs,5000,350000,6000,140000,490000,40%,Harian
08/01/2026,"Kentang Goreng",22,Pcs,9000,198000,10000,22000,220000,"11,11111111%",Ritel
08/01/2026,"Nasi Bakar",10,Pcs,8000,80000,10000,20000,100000,25%,Harian
08/01/2026,Sus,72,Pcs,3000,216000,3500,36000,252000,"16,66666667%",Ritel
08/01/2026,Bakwan,31,Pcs,2000,62000,2500,15500,77500,25%,Harian
08/01/2026,"Risol Mayo Pedas",50,Pcs,3000,150000,4000,25000,175000,"16,66666667%",Harian
08/01/2026,Otak-Otak,120,Pcs,1000,120000,1500,120000,240000,100%,Ritel
08/01/2026,Pastel,15,Pcs,3000,45000,2500,7500,52500,"16,66666667%",Harian
08/01/2026,"Lumpia Goreng",15,Pcs,3000,45000,3500,7500,52500,"16,66666667%",Ritel
08/01/2026,"Cireng Danu",110,Pcs,2000,220000,2500,55000,275000,25%,#N/A
08/01/2026,Ricebowl,36,Pcs,10000,360000,12000,72000,432000,20%,Ritel
08/01/2026,Ekado,17,Pcs,8000,136000,9000,17000,153000,"12,5%",Ritel
08/01/2026,"Baso Cilok Kriwil",30,Pcs,10000,300000,11000,30000,330000,10%,Harian
08/01/2026,"Bakwan dan Gehu",100,Pcs,2000,200000,2000,50000,250000,25%,Harian
08/01/2026,"Pangsit Bojot",35,Pcs,10000,350000,12000,70000,420000,20%,Harian
08/01/2026,"Pangsit Goreng",15,Pcs,9000,135000,10000,15000,150000,"11,11111111%",Harian
08/01/2026,Donat,30,Pcs,2500,75000,3000,15000,90000,20%,Ritel
08/01/2026,"Dadar Gulung",23,Pcs,2000,46000,3000,11500,57500,25%,Harian
08/01/2026,Ketan,25,Pcs,2000,50000,3000,12500,62500,25%,Harian
08/01/2026,Risoles,20,Pcs,1500,30000,2000,10000,40000,"33,33333333%",Harian
08/01/2026,"Cireng Irfan",30,Pcs,1500,45000,2000,15000,60000,"33,33333333%",#N/A
08/01/2026,Cibay,30,Pcs,1500,45000,2000,15000,60000,"33,33333333%",Ritel
08/01/2026,Spagetti,22,Pcs,9000,198000,10000,22000,220000,"11,11111111%",Harian
08/01/2026,"Sosis Solo",50,Pcs,2500,125000,3000,25000,150000,20%,Ritel
08/01/2026,"Ricebowl Pa Hadi",42,Pcs,12000,504000,14000,84000,588000,"16,66666667%",Harian
08/01/2026,Cibay,35,Pcs,1500,52500,2000,17500,70000,"33,33333333%",Ritel
08/01/2026,"CC roll",60,Pcs,1500,90000,2000,30000,120000,"33,33333333%",Harian
08/01/2026,"Cireng Japlun",50,Pcs,2000,100000,2500,25000,125000,25%,#N/A
08/01/2026,"Cireng Danu",100,Pcs,2000,200000,2500,50000,250000,25%,#N/A
08/01/2026,"Risol Mayo",149,Pcs,3000,447000,3500,74500,521500,"16,66666667%",Harian
08/01/2026,Cilok,72,Pcs,2500,180000,3000,72000,252000,40%,Harian
08/01/2026,Karoket,40,Pcs,1500,60000,2000,20000,80000,"33,33333333%",Ritel
09/01/2026,Makaroni,100,Pcs,4000,400000,2500,200000,600000,50%,Ritel
09/01/2026,Basreng,50,Pcs,5000,250000,6000,100000,350000,40%,Harian
09/01/2026,Sand.Kacang,2,Pcs,6000,12000,7200,2400,14400,20%,Harian
09/01/2026,Sand.Keju,6,Pcs,6000,36000,7200,7200,43200,20%,Harian
09/01/2026,Sandzup.Ckl,5,Pcs,5000,25000,6000,5000,30000,20%,Ritel
09/01/2026,Sandzup.Moc,2,Pcs,5000,10000,6000,2000,12000,20%,Harian
09/01/2026,Sandzup.Strw,2,Pcs,5000,10000,6000,2000,12000,20%,Ritel
09/01/2026,"Choco Bun",8,Pcs,4000,32000,4800,6400,38400,20%,Ritel
09/01/2026,"Choco Cheese GT",13,Pcs,4000,52000,4800,10400,62400,20%,Ritel
09/01/2026,"Swe Cheese Bun GT",1,Pcs,4000,4000,4800,800,4800,20%,Ritel
09/01/2026,"Straw Bun GT",1,Pcs,4000,4000,4800,800,4800,20%,Harian
09/01/2026,"Blue Bun GT",2,Pcs,4000,8000,5000,2000,10000,25%,Harian
09/01/2026,"Coconut Bun GT",2,Pcs,4000,8000,4800,1600,9600,20%,Harian
09/01/2026,"Z Krim Cokelat",1,Pcs,5000,5000,6000,1000,6000,20%,Ritel
09/01/2026,"Dryk Ckl",3,Pcs,6000,18000,7200,3600,21600,20%,Harian
09/01/2026,"Dryk Straw",1,Pcs,6000,6000,7200,1200,7200,20%,Ritel
09/01/2026,"Ksr Keju",1,Pcs,14000,14000,16200,2800,16800,20%,Harian
09/01/2026,"Sbk Cokelat",1,Pcs,18000,18000,21600,3600,21600,20%,Ritel
09/01/2026,"Ksr Krim Meses",1,Pcs,11500,11500,13300,1800,13300,"15,65217391%",Harian
09/01/2026,"Sbk Duo Cokelat Keju",1,Pcs,8500,8500,9700,1200,9700,"14,11764706%",Ritel
09/01/2026,"Chif Cokelat",4,Pcs,5000,20000,6000,4000,24000,20%,Ritel
09/01/2026,"Chif Pandan",1,Pcs,5000,5000,6000,1000,6000,20%,Ritel
09/01/2026,Donat,30,Pcs,2500,75000,3000,15000,90000,20%,Ritel
09/01/2026,"Dadar Gulung",19,Pcs,2500,47500,3000,9500,57000,20%,Ritel
09/01/2026,Ketan,19,Pcs,2000,38000,3000,9500,47500,25%,Harian
09/01/2026,"Nasi Bakar",10,Pcs,8000,80000,10000,20000,100000,25%,Harian
09/01/2026,Makaroni,100,Pcs,4000,400000,2500,200000,600000,50%,Ritel
09/01/2026,Basreng,100,Pcs,5000,500000,6000,200000,700000,40%,Harian
09/01/2026,"Ali Agrem",8,Pcs,2000,16000,2000,4000,20000,25%,Harian
09/01/2026,Buah,7,Pcs,7000,49000,8000,7000,56000,"14,28571429%",Harian
09/01/2026,Tempe,50,Pcs,2000,100000,2500,25000,125000,25%,Ritel
09/01/2026,Lontong,25,Pcs,2000,50000,2500,12500,62500,25%,Harian
09/01/2026,"Karoket Ayam",30,Pcs,2500,75000,3000,15000,90000,20%,Harian
09/01/2026,"Mie Gulung Pedas",30,Pcs,4000,120000,5000,30000,150000,25%,Harian
09/01/2026,Brownies,12,Pcs,6000,72000,8000,24000,96000,"33,33333333%",Harian
09/01/2026,"Kentang Goreng",15,Pcs,9000,135000,10000,15000,150000,"11,11111111%",Ritel
09/01/2026,Spagetti,20,Pcs,9000,180000,10000,20000,200000,"11,11111111%",Harian
09/01/2026,"Sosis Solo",50,Pcs,2500,125000,3000,25000,150000,20%,Ritel
09/01/2026,"Cireng Japlun",67,Pcs,2000,134000,2500,33500,167500,25%,#N/A
09/01/2026,"Bakwan dan Gehu",62,Pcs,2000,124000,2000,31000,155000,25%,Harian
09/01/2026,Sus,20,Pcs,3000,60000,3500,10000,70000,"16,66666667%",Ritel
09/01/2026,Bakwan,19,Pcs,2000,38000,2500,9500,47500,25%,Harian
09/01/2026,"Cireng Danu",100,Pcs,2000,200000,2500,50000,250000,25%,#N/A
09/01/2026,"Risol Mayo",134,Pcs,3000,402000,3500,67000,469000,"16,66666667%",Harian
09/01/2026,Cilok,60,Pcs,2500,150000,3000,60000,210000,40%,Harian
09/01/2026,Karoket,24,Pcs,1500,36000,2000,12000,48000,"33,33333333%",Ritel
09/01/2026,Ricebowl,20,Pcs,10000,200000,12000,40000,240000,20%,Ritel
09/01/2026,Ekado,13,Pcs,8000,104000,9000,13000,117000,"12,5%",Ritel
09/01/2026,"Pangsit Goreng",10,Pcs,9000,90000,10000,10000,100000,"11,11111111%",Harian
09/01/2026,"Pangsit Bojot",20,Pcs,10000,200000,12000,40000,240000,20%,Harian
09/01/2026,Pastel,18,Pcs,3000,54000,2500,9000,63000,"16,66666667%",Harian
09/01/2026,"Lumpia Goreng",13,Pcs,3000,39000,3500,6500,45500,"16,66666667%",Ritel
09/01/2026,"Nasi Cokot",70,Pcs,5000,350000,6000,140000,490000,40%,Harian
09/01/2026,Otak-Otak,60,Pcs,1000,60000,1500,60000,120000,100%,Ritel
09/01/2026,"Si Lahetot",90,Pcs,5000,450000,6000,180000,630000,40%,Harian
09/01/2026,"Cireng Japlun",50,Pcs,2000,100000,2500,25000,125000,25%,#N/A
10/01/2026,Sus,20,Pcs,3000,60000,3500,10000,70000,"16,66666667%",Ritel
10/01/2026,Bakwan,26,Pcs,2000,52000,2500,13000,65000,25%,Harian
10/01/2026,"Sosis Solo",49,Pcs,2500,122500,3000,24500,147000,20%,Ritel
10/01/2026,Spagetti,12,Pcs,9000,108000,10000,12000,120000,"11,11111111%",Harian
10/01/2026,"Aice Histeria Matcha",40,Pcs,3800,152000,7500,208000,360000,"136,8421053%",Ritel
10/01/2026,"Aice Histeria Stick",40,Pcs,3800,152000,7500,208000,360000,"136,8421053%",Ritel
10/01/2026,"Aice Chocolate Crispy Stick",50,Pcs,2340,117000,3000,233000,350000,"199,1452991%",Ritel
10/01/2026,"Aice Crispy Balls Cookies N Cream Stick",30,Pcs,3950,118500,5000,91500,210000,"77,21518987%",Ritel
10/01/2026,"Aice Strawberry Crispy",50,Pcs,2200,110000,3500,190000,300000,"172,7272727%",Ritel
10/01/2026,"Aice Sweet Corn",40,Pcs,2400,96000,3000,64000,160000,"66,66666667%",Ritel
10/01/2026,"Mooochi Vanilla",40,Pcs,"2362,5",94500,3000,65500,160000,"69,31216931%",Ritel
10/01/2026,"Mooochi Mango",40,Pcs,"2362,5",94500,3000,65500,160000,"69,31216931%",Ritel
10/01/2026,"Aice Chocolate Sundae Cup",24,Pcs,"2053,5",49284,2554,118716,168000,"240,881422%",Ritel
10/01/2026,"Aice Banana Crispy",30,Pcs,3900,117000,7000,93000,210000,"79,48717949%",Ritel
12/01/2026,Bayam,20,Pcs,9000,180000,10000,20000,200000,"11,11111111%",Harian
12/01/2026,"Moring Sedang Pedas",175,Pcs,8000,1400000,10000,350000,1750000,25%,Harian
12/01/2026,"Moring Sedang Ori",70,Pcs,8000,560000,10000,140000,700000,25%,Ritel
12/01/2026,"Moring Kecil Pedas",45,Pcs,4000,180000,5000,45000,225000,25%,Ritel
12/01/2026,"Moring Kecil Ori",50,Pcs,4000,200000,5000,50000,250000,25%,Ritel
12/01/2026,"Rafa Putra",50,Pcs,1600,80000,2000,20000,100000,25%,Harian
12/01/2026,"Lunch Pack Choco Lava",15,Pcs,5000,75000,6000,15000,90000,20%,Harian
12/01/2026,"Lunch Pack Cheese Lava",11,Pcs,5000,55000,6000,11000,66000,20%,Harian
12/01/2026,"Lunch Pack Cheese Cake",7,Pcs,5000,35000,6000,7000,42000,20%,Harian
12/01/2026,"Sandwich Margarin Manis",6,Pcs,4500,27000,5400,5400,32400,20%,Ritel
12/01/2026,"Sandwich Cokelat",8,Pcs,4500,36000,5400,7200,43200,20%,Ritel
12/01/2026,"Sandwich Sarikaya",1,Pcs,4500,4500,5400,900,5400,20%,Ritel
12/01/2026,"Sandwich Keju",2,Pcs,4500,9000,5400,1800,10800,20%,Ritel
12/01/2026,"Sobek Cokelat",1,Pcs,16500,16500,19800,3300,19800,20%,Ritel
12/01/2026,"Sobek Cokelat Keju",2,Pcs,16500,33000,19800,6600,39600,20%,Ritel
12/01/2026,"Sobek Cokelat Susu",2,Pcs,16500,33000,19800,6600,39600,20%,Ritel
12/01/2026,"Funwari Roll Cokelat",3,Pcs,6000,18000,7200,3600,21600,20%,Ritel
12/01/2026,"Funwari Roll Cheese",4,Pcs,6000,24000,7200,4800,28800,20%,Ritel
12/01/2026,"Roti Isi Cokelat",1,Pcs,5000,5000,6000,1000,6000,20%,Harian
12/01/2026,"Roti Isi Susu",1,Pcs,5000,5000,6000,1000,6000,20%,Ritel
12/01/2026,"Roti Isi Keju",1,Pcs,5000,5000,6000,1000,6000,20%,Harian
12/01/2026,"Steam Cake Cheese",1,Pcs,9000,9000,10800,1800,10800,20%,Ritel
12/01/2026,"Steam Cake Cokelat",2,Pcs,9000,18000,10800,3600,21600,20%,Harian
12/01/2026,"Steam Cake Strawberry Choco",2,Pcs,9000,18000,10800,3600,21600,20%,Ritel
12/01/2026,"Danish Roll Triple Cheese",3,Pcs,7500,22500,9000,4500,27000,20%,Ritel
12/01/2026,"Twist Cokelat",3,Pcs,6000,18000,8000,6000,24000,"33,33333333%",Ritel
12/01/2026,"Adem Sari Chingku Herbal Tea",12,Pcs,6200,74400,8000,21600,96000,"29,03225806%",Ritel
12/01/2026,"Adem Sari Chingku Lemon Can",24,Pcs,5800,139200,7000,52800,192000,"37,93103448%",Ritel
12/01/2026,"Adem Sari Chingku Lemon Pet",36,Pcs,5800,208800,7000,79200,288000,"37,93103448%",Ritel
12/01/2026,"Adem Sari Chingku Madu Lemon",24,Pcs,6200,148800,8000,43200,192000,"29,03225806%",Ritel
12/01/2026,"Cireng Danu",110,Pcs,2000,220000,2500,55000,275000,25%,#N/A
12/01/2026,"Bakwan dan Gehu",65,Pcs,2000,130000,2000,32500,162500,25%,Harian
12/01/2026,Bayam,23,Pcs,9000,207000,10000,23000,230000,"11,11111111%",Harian
12/01/2026,Makban,300,Pcs,4000,1200000,5000,300000,1500000,25%,Harian
12/01/2026,Buah,4,Pcs,7000,28000,8000,4000,32000,"14,28571429%",Harian
12/01/2026,Tempe,53,Pcs,2000,106000,2500,26500,132500,25%,Ritel
12/01/2026,Lontong,37,Pcs,2000,74000,2500,18500,92500,25%,Harian
12/01/2026,"Rafa Putra",50,Pcs,1600,80000,2000,20000,100000,25%,Harian
12/01/2026,Spagetti,13,Pcs,9000,117000,10000,13000,130000,"11,11111111%",Harian
12/01/2026,"Sosis Solo",56,Pcs,2500,140000,3000,28000,168000,20%,Ritel
12/01/2026,"Lunch Pack Choco Lava",15,Pcs,5000,75000,6000,15000,90000,20%,Harian
12/01/2026,"Lunch Pack Cheese Lava",15,Pcs,5000,75000,6000,15000,90000,20%,Harian
12/01/2026,"Lunch Pack Cheese Cake",8,Pcs,5000,40000,6000,8000,48000,20%,Harian
12/01/2026,"Sandwich Margarin Manis",10,Pcs,4500,45000,5400,9000,54000,20%,Ritel
12/01/2026,"Sandwich Cokelat",10,Pcs,4500,45000,5400,9000,54000,20%,Ritel
12/01/2026,"Sandwich Sarikaya",2,Pcs,4500,9000,5400,1800,10800,20%,Ritel
12/01/2026,"Sandwich Keju",2,Pcs,4500,9000,5400,1800,10800,20%,Ritel
12/01/2026,"Sobek Cokelat Keju",2,Pcs,16500,33000,19800,6600,39600,20%,Ritel
12/01/2026,"Sobek Cokelat Susu",2,Pcs,16500,33000,19800,6600,39600,20%,Ritel
12/01/2026,"Funwari Roll Cokelat",5,Pcs,6000,30000,7200,6000,36000,20%,Ritel
12/01/2026,"Funwari Roll Cheese",5,Pcs,6000,30000,7200,6000,36000,20%,Ritel
12/01/2026,"Roti Isi Cokelat",1,Pcs,5000,5000,6000,1000,6000,20%,Harian
12/01/2026,"Roti Isi Susu",1,Pcs,5000,5000,6000,1000,6000,20%,Ritel
12/01/2026,"Steam Cake Cheese",1,Pcs,9000,9000,10800,1800,10800,20%,Ritel
12/01/2026,"Steam Cake Cokelat",2,Pcs,9000,18000,10800,3600,21600,20%,Harian
12/01/2026,"Steam Cake Strawberry Choco",2,Pcs,9000,18000,10800,3600,21600,20%,Ritel
12/01/2026,"Danish Roll Triple Cheese",3,Pcs,7500,22500,9000,4500,27000,20%,Ritel
12/01/2026,"Twist Cokelat",4,Pcs,6000,24000,8000,8000,32000,"33,33333333%",Ritel
12/01/2026,"Cireng Japlun",50,Pcs,2000,100000,2500,25000,125000,25%,#N/A
12/01/2026,"Nasi Bakar",20,Pcs,8000,160000,10000,40000,200000,25%,Harian
12/01/2026,Ricebowl,47,Pcs,10000,470000,12000,94000,564000,20%,Ritel
12/01/2026,Donat,30,Pcs,2500,75000,3000,15000,90000,20%,Ritel
12/01/2026,"Dadar Gulung",13,Pcs,2500,32500,3000,6500,39000,20%,Ritel
12/01/2026,Ketan,12,Pcs,2000,24000,3000,6000,30000,25%,Harian
12/01/2026,Risoles,19,Pcs,1500,28500,2000,9500,38000,"33,33333333%",Harian
12/01/2026,"Cireng Irfan",28,Pcs,1500,42000,2000,14000,56000,"33,33333333%",#N/A
12/01/2026,Cibay,30,Pcs,1500,45000,2000,15000,60000,"33,33333333%",Ritel
12/01/2026,"Nasi Cokot",69,Pcs,5000,345000,6000,138000,483000,40%,Harian
12/01/2026,"Kentang Goreng",20,Pcs,9000,180000,10000,20000,200000,"11,11111111%",Ritel
12/01/2026,Waffle,24,Pcs,5000,120000,6000,24000,144000,20%,Ritel
12/01/2026,Sus,59,Pcs,3000,177000,3500,29500,206500,"16,66666667%",Ritel
12/01/2026,Bakwan,23,Pcs,2000,46000,2500,11500,57500,25%,Harian
12/01/2026,"Baso Cilok Kriwil",26,Pcs,10000,260000,11000,26000,286000,10%,Harian
12/01/2026,"Cireng Danu",100,Pcs,2000,200000,2500,50000,250000,25%,#N/A
12/01/2026,"Risol Mayo Pedas",48,Pcs,3000,144000,4000,24000,168000,"16,66666667%",Harian
12/01/2026,Otak-Otak,115,Pcs,1000,115000,1500,115000,230000,100%,Ritel
12/01/2026,Cilok,76,Pcs,2500,190000,3000,76000,266000,40%,Harian
12/01/2026,Karoket,38,Pcs,1500,57000,2000,19000,76000,"33,33333333%",Ritel
12/01/2026,Cicos,26,Pcs,4000,104000,5000,26000,130000,25%,Harian
12/01/2026,"Pisang Goreng",26,Pcs,2000,52000,2000,13000,65000,25%,Ritel
12/01/2026,"Pangsit Bojot",32,Pcs,10000,320000,12000,64000,384000,20%,Harian
12/01/2026,"Pangsit Goreng",13,Pcs,9000,117000,10000,13000,130000,"11,11111111%",Harian
12/01/2026,Pastel,9,Pcs,3000,27000,2500,4500,31500,"16,66666667%",Harian
12/01/2026,"Lumpia Goreng",11,Pcs,3000,33000,3500,5500,38500,"16,66666667%",Ritel
12/01/2026,"Si Lahetot",98,Pcs,5000,490000,6000,196000,686000,40%,Harian
12/01/2026,"Risol Mayo",137,Pcs,3000,411000,3500,68500,479500,"16,66666667%",Harian
12/01/2026,"Elang Snack",45,Pcs,8500,382500,10000,157500,540000,"41,17647059%",Ritel
12/01/2026,"Sedaap Mie Cup Goreng",12,Pcs,"4366,666667",52400,5500,43600,96000,"83,20610687%",Ritel
12/01/2026,"Sedaap Mie Cup Ayam Jerit",12,Pcs,"4164,583333",49975,5000,46025,96000,"92,09604802%",Ritel
12/01/2026,"Sedaap Mie Cup Soto",12,Pcs,"4164,583333",49975,5000,46025,96000,"92,09604802%",Harian
12/01/2026,"Floridina Coco",12,Pcs,2500,30000,3500,18000,48000,60%,Harian
12/01/2026,"Javana Gula Batu",12,Pcs,2200,26400,4000,21600,48000,"81,81818182%",Ritel
12/01/2026,"Milku Cokelat",12,Pcs,2835,34020,3500,25980,60000,"76,36684303%",Harian
12/01/2026,"Milku Marie",12,Pcs,2835,34020,5000,25980,60000,"76,36684303%",Harian
12/01/2026,"Milku Original",12,Pcs,2835,34020,3500,25980,60000,"76,36684303%",Harian
12/01/2026,"Milku Strawberry",12,Pcs,2835,34020,3500,25980,60000,"76,36684303%",Ritel
12/01/2026,"Al Ma'soem",2376,Pcs,"1291,666667",3069000,1792,4059000,7128000,"132,2580645%",Ritel
13/01/2026,Brownies,13,Pcs,6000,78000,8000,26000,104000,"33,33333333%",Harian
13/01/2026,Sand.Ckl,8,Pcs,6000,48000,7200,9600,57600,20%,Harian
13/01/2026,Sand.Kacang,2,Pcs,6000,12000,7200,2400,14400,20%,Harian
13/01/2026,Sand.Keju,6,Pcs,6000,36000,7200,7200,43200,20%,Harian
13/01/2026,Sandzup.Ckl,5,Pcs,5000,25000,6000,5000,30000,20%,Ritel
13/01/2026,Sandzup.Moc,2,Pcs,5000,10000,6000,2000,12000,20%,Harian
13/01/2026,Sandzup.Strw,2,Pcs,5000,10000,6000,2000,12000,20%,Ritel
13/01/2026,"Choco Bun",8,Pcs,4000,32000,4800,6400,38400,20%,Ritel
13/01/2026,"Choco Cheese GT",13,Pcs,4000,52000,4800,10400,62400,20%,Ritel
13/01/2026,"Swe Cheese Bun GT",1,Pcs,4000,4000,4800,800,4800,20%,Ritel
13/01/2026,"Straw Bun GT",1,Pcs,4000,4000,4800,800,4800,20%,Harian
13/01/2026,"Blue Bun GT",2,Pcs,4000,8000,5000,2000,10000,25%,Harian
13/01/2026,"Coconut Bun GT",2,Pcs,4000,8000,4800,1600,9600,20%,Harian
13/01/2026,"Z Krim Cokelat",1,Pcs,5000,5000,6000,1000,6000,20%,Ritel
13/01/2026,"Dryk Ckl",3,Pcs,6000,18000,7200,3600,21600,20%,Harian
13/01/2026,"Dryk Straw",1,Pcs,6000,6000,7200,1200,7200,20%,Ritel
13/01/2026,"Ksr Keju",1,Pcs,14000,14000,16200,2800,16800,20%,Harian
13/01/2026,"Sbk Cokelat",1,Pcs,18000,18000,21600,3600,21600,20%,Ritel
13/01/2026,"Ksr Krim Meses",1,Pcs,11500,11500,13300,1800,13300,"15,65217391%",Harian
13/01/2026,"Sbk Duo Cokelat Keju",1,Pcs,8500,8500,9700,1200,9700,"14,11764706%",Ritel
13/01/2026,"Chif Cokelat",4,Pcs,5000,20000,6000,4000,24000,20%,Ritel
13/01/2026,"Chif Pandan",1,Pcs,5000,5000,6000,1000,6000,20%,Ritel
13/01/2026,Sand.Ckl,3,Pcs,6000,18000,7200,3600,21600,20%,Harian
13/01/2026,Sand.Kacang,1,Pcs,6000,6000,7200,1200,7200,20%,Harian
13/01/2026,Sand.Keju,2,Pcs,6000,12000,7200,2400,14400,20%,Harian
13/01/2026,Sand.Sarikaya,3,Pcs,6000,18000,7200,3600,21600,20%,Harian
13/01/2026,Sandzup.Ckl,2,Pcs,5000,10000,6000,2000,12000,20%,Ritel
13/01/2026,Sandzup.Moc,2,Pcs,5000,10000,6000,2000,12000,20%,Harian
13/01/2026,Sandzup.Strw,1,Pcs,5000,5000,6000,1000,6000,20%,Ritel
13/01/2026,"Choco Bun",6,Pcs,4000,24000,4800,4800,28800,20%,Ritel
13/01/2026,"Choco Cheese GT",10,Pcs,4000,40000,4800,8000,48000,20%,Ritel
13/01/2026,"Straw Bun GT",1,Pcs,4000,4000,4800,800,4800,20%,Harian
13/01/2026,"Z Krim Keju",1,Pcs,5000,5000,6000,1000,6000,20%,Ritel
13/01/2026,"Z Krim Chodbl",1,Pcs,5000,5000,6000,1000,6000,20%,Harian
13/01/2026,"Z Krim Strawberry",1,Pcs,5000,5000,6000,1000,6000,20%,Harian
13/01/2026,"Dryk Ckl",1,Pcs,6000,6000,7200,1200,7200,20%,Harian
13/01/2026,"Dryk Straw",1,Pcs,6000,6000,7200,1200,7200,20%,Ritel
13/01/2026,"Dryk Martabak",1,Pcs,6000,6000,7200,1200,7200,20%,Harian
13/01/2026,"Dryk Nastar",1,Pcs,6000,6000,7200,1200,7200,20%,Harian
13/01/2026,"Ksr Keju",2,Pcs,14000,28000,16200,5600,33600,20%,Harian
13/01/2026,"Sisir Mentega",1,Pcs,11000,11000,13200,2200,13200,20%,Harian
13/01/2026,"Sbk Cokelat Keju",1,Pcs,18000,18000,21600,3600,21600,20%,Ritel
13/01/2026,"Sbk Cokelat Sarikaya",1,Pcs,18000,18000,21600,3600,21600,20%,Harian
13/01/2026,"Sbk Duo Cokelat",1,Pcs,8000,8000,13000,1600,9600,20%,Ritel
13/01/2026,"Sbk Duo Cokelat Keju",1,Pcs,8500,8500,9700,1200,9700,"14,11764706%",Ritel
13/01/2026,"Chif Cokelat",4,Pcs,5000,20000,6000,4000,24000,20%,Ritel
13/01/2026,"Cookies Choco",11,Pcs,6000,66000,8000,22000,88000,"33,33333333%",Harian
13/01/2026,"Cookies Redvelvet",11,Pcs,6000,66000,8000,22000,88000,"33,33333333%",Harian
13/01/2026,Brownies,10,Pcs,6000,60000,8000,20000,80000,"33,33333333%",Harian
13/01/2026,"Cireng Japlun",70,Pcs,2000,140000,2500,35000,175000,25%,#N/A
13/01/2026,Spagetti,16,Pcs,9000,144000,10000,16000,160000,"11,11111111%",Harian
13/01/2026,"Sosis Solo",56,Pcs,2500,140000,3000,28000,168000,20%,Ritel
13/01/2026,Lontong,30,Pcs,2000,60000,2500,15000,75000,25%,Harian
13/01/2026,Tempe,34,Pcs,2000,68000,2500,17000,85000,25%,Ritel
13/01/2026,Buah,12,Pcs,7000,84000,8000,12000,96000,"14,28571429%",Harian
13/01/2026,"Risol Mayo Pedas",45,Pcs,3000,135000,4000,22500,157500,"16,66666667%",Harian
13/01/2026,"Cireng Danu",100,Pcs,2000,200000,2500,50000,250000,25%,#N/A
13/01/2026,Mochi,27,Pcs,4500,121500,5000,13500,135000,"11,11111111%",Ritel
13/01/2026,Pastel,13,Pcs,3000,39000,2500,6500,45500,"16,66666667%",Harian
13/01/2026,"Lumpia Goreng",15,Pcs,3000,45000,3500,7500,52500,"16,66666667%",Ritel
13/01/2026,"Pangsit Goreng",15,Pcs,9000,135000,10000,15000,150000,"11,11111111%",Harian
13/01/2026,"Pangsit Bojot",23,Pcs,10000,230000,12000,46000,276000,20%,Harian
13/01/2026,"Bakwan dan Gehu",68,Pcs,2000,136000,2000,34000,170000,25%,Harian
13/01/2026,"Nasi Cokot",73,Pcs,5000,365000,6000,146000,511000,40%,Harian
13/01/2026,Waffle,14,Pcs,5000,70000,6000,14000,84000,20%,Ritel
13/01/2026,"Cireng Japlun",80,Pcs,2000,160000,2500,40000,200000,25%,#N/A
13/01/2026,Cicos,15,Pcs,4000,60000,5000,15000,75000,25%,Harian
13/01/2026,"Pisang Goreng",21,Pcs,2000,42000,2000,10500,52500,25%,Ritel
13/01/2026,"Kentang Goreng",22,Pcs,9000,198000,10000,22000,220000,"11,11111111%",Ritel
13/01/2026,Sus,37,Pcs,3000,111000,3500,18500,129500,"16,66666667%",Ritel
13/01/2026,Bakwan,20,Pcs,2000,40000,2500,10000,50000,25%,Harian
13/01/2026,Ricebowl,42,Pcs,10000,420000,12000,84000,504000,20%,Ritel
13/01/2026,Risoles,13,Pcs,1500,19500,2000,6500,26000,"33,33333333%",Harian
13/01/2026,"Cireng Irfan",26,Pcs,1500,39000,2000,13000,52000,"33,33333333%",#N/A
13/01/2026,Cibay,38,Pcs,1500,57000,2000,19000,76000,"33,33333333%",Ritel
13/01/2026,Otak-Otak,100,Pcs,1000,100000,1500,100000,200000,100%,Ritel
13/01/2026,Donat,30,Pcs,2500,75000,3000,15000,90000,20%,Ritel
13/01/2026,"Dadar Gulung",9,Pcs,2500,22500,3000,4500,27000,20%,Ritel
13/01/2026,Ketan,13,Pcs,2000,26000,3000,6500,32500,25%,Harian
13/01/2026,"Baso Cilok Kriwil",24,Pcs,10000,240000,11000,24000,264000,10%,Harian
13/01/2026,Ekado,13,Pcs,8000,104000,9000,13000,117000,"12,5%",Ritel
13/01/2026,Cilok,38,Pcs,2500,95000,3000,38000,133000,40%,Harian
13/01/2026,Karoket,25,Pcs,1500,37500,2000,12500,50000,"33,33333333%",Ritel
13/01/2026,"Nasi Bakar",13,Pcs,8000,104000,10000,26000,130000,25%,Harian
13/01/2026,"Si Lahetot",95,Pcs,5000,475000,6000,190000,665000,40%,Harian
13/01/2026,"Risol Mayo",95,Pcs,3000,285000,3500,47500,332500,"16,66666667%",Harian
13/01/2026,"Adem Sari Chingku Herbal Tea",12,Pcs,6200,74400,8000,21600,96000,"29,03225806%",Ritel
13/01/2026,"Adem Sari Chingku Lemon Can",24,Pcs,5800,139200,7000,52800,192000,"37,93103448%",Ritel
13/01/2026,"Adem Sari Lemon Pet",36,Pcs,5800,208800,7000,79200,288000,"37,93103448%",Ritel
13/01/2026,"Adem Sari Chingku Madu Lemon",24,Pcs,6200,148800,8000,43200,192000,"29,03225806%",Ritel
14/01/2026,Indocafemix,10,Pcs,1550,15500,2050,24500,40000,"158,0645161%",Ritel
14/01/2026,"Good Day Moccacino",10,Pcs,1500,15000,2000,25000,40000,"166,6666667%",Ritel
14/01/2026,"Kapal Api Mix",30,Pcs,1750,52500,2500,67500,120000,"128,5714286%",Ritel
14/01/2026,"Karoket Ayam",34,Pcs,2500,85000,3000,17000,102000,20%,Harian
14/01/2026,Gehu,50,Pcs,2000,100000,2000,25000,125000,25%,Ritel
14/01/2026,Buah,9,Pcs,7000,63000,8000,9000,72000,"14,28571429%",Harian
14/01/2026,Lontong,36,Pcs,2000,72000,2500,18000,90000,25%,Harian
14/01/2026,Tempe,64,Pcs,2000,128000,2500,32000,160000,25%,Ritel
14/01/2026,"Sosis Solo",65,Pcs,2500,162500,3000,32500,195000,20%,Ritel
14/01/2026,Spagetti,19,Pcs,9000,171000,10000,19000,190000,"11,11111111%",Harian
14/01/2026,Sus,55,Pcs,3000,165000,3500,27500,192500,"16,66666667%",Ritel
14/01/2026,Bakwan,32,Pcs,2000,64000,2500,16000,80000,25%,Harian
14/01/2026,"Nasi Bakar",15,Pcs,8000,120000,10000,30000,150000,25%,Harian
14/01/2026,"Baso Cilok Kriwil",30,Pcs,10000,300000,11000,30000,330000,10%,Harian
14/01/2026,Ricebowl,44,Pcs,10000,440000,12000,88000,528000,20%,Ritel
14/01/2026,Ekado,17,Pcs,8000,136000,9000,17000,153000,"12,5%",Ritel
14/01/2026,Pastel,23,Pcs,3000,69000,2500,11500,80500,"16,66666667%",Harian
14/01/2026,"Lumpia Goreng",15,Pcs,3000,45000,3500,7500,52500,"16,66666667%",Ritel
14/01/2026,"Cireng Japlun",70,Pcs,2000,140000,2500,35000,175000,25%,#N/A
14/01/2026,"Si Lahetot",91,Pcs,5000,455000,6000,182000,637000,40%,Harian
14/01/2026,Cicos,18,Pcs,4000,72000,5000,18000,90000,25%,Harian
14/01/2026,"Pisang Goreng",17,Pcs,2000,34000,2000,8500,42500,25%,Ritel
14/01/2026,Cilok,40,Pcs,2500,100000,3000,40000,140000,40%,Harian
14/01/2026,Karoket,20,Pcs,1500,30000,2000,10000,40000,"33,33333333%",Ritel
14/01/2026,Donat,30,Pcs,2500,75000,3000,15000,90000,20%,Ritel
14/01/2026,"Dadar Gulung",16,Pcs,2500,40000,3000,8000,48000,20%,Ritel
14/01/2026,Ketan,22,Pcs,2000,44000,3000,11000,55000,25%,Harian
14/01/2026,"Kentang Goreng",20,Pcs,9000,180000,10000,20000,200000,"11,11111111%",Ritel
14/01/2026,"Risol Mayo Pedas",50,Pcs,3000,150000,4000,25000,175000,"16,66666667%",Harian
14/01/2026,Otak-Otak,110,Pcs,1000,110000,1500,110000,220000,100%,Ritel
14/01/2026,"Cireng Danu",100,Pcs,2000,200000,2500,50000,250000,25%,#N/A
14/01/2026,Risoles,28,Pcs,1500,42000,2000,14000,56000,"33,33333333%",Harian
14/01/2026,"Cireng Irfan",28,Pcs,1500,42000,2000,14000,56000,"33,33333333%",#N/A
14/01/2026,Cibay,29,Pcs,1500,43500,2000,14500,58000,"33,33333333%",Ritel
14/01/2026,"Nasi Cokot",75,Pcs,5000,375000,6000,150000,525000,40%,Harian
14/01/2026,"Pangsit Bojot",25,Pcs,10000,250000,12000,50000,300000,20%,Harian
14/01/2026,"Pangsit Goreng",15,Pcs,9000,135000,10000,15000,150000,"11,11111111%",Harian
14/01/2026,"Risol Mayo",100,Pcs,3000,300000,3500,50000,350000,"16,66666667%",Harian
15/01/2026,"Nasi Bakar",15,Pcs,8000,120000,10000,30000,150000,25%,Harian
15/01/2026,Moring,33,Pcs,4000,132000,5000,33000,165000,25%,Ritel
15/01/2026,"Cireng Japlun",70,Pcs,2000,140000,2500,35000,175000,25%,#N/A
15/01/2026,Ricebowl,35,Pcs,10000,350000,12000,70000,420000,20%,Ritel
15/01/2026,Ricebowl,18,Pcs,10000,180000,12000,36000,216000,20%,Ritel
15/01/2026,Buah,5,Pcs,7000,35000,8000,5000,40000,"14,28571429%",Harian
15/01/2026,Lontong,22,Pcs,2000,44000,2500,11000,55000,25%,Harian
15/01/2026,Tempe,63,Pcs,2000,126000,2500,31500,157500,25%,Ritel
15/01/2026,"Pangsit Goreng",15,Pcs,9000,135000,10000,15000,150000,"11,11111111%",Harian
15/01/2026,"Pangsit Bojot",25,Pcs,10000,250000,12000,50000,300000,20%,Harian
15/01/2026,Sosis,8,Pcs,5000,40000,6000,8000,48000,20%,Ritel
15/01/2026,"Bakwan dan Gehu",50,Pcs,2000,100000,2000,25000,125000,25%,Harian
15/01/2026,Spagetti,18,Pcs,9000,162000,10000,18000,180000,"11,11111111%",Harian
15/01/2026,"Sosis Solo",51,Pcs,2500,127500,3000,25500,153000,20%,Ritel
15/01/2026,"Nasi Cokot",75,Pcs,5000,375000,6000,150000,525000,40%,Harian
15/01/2026,"Si Lahetot",95,Pcs,5000,475000,6000,190000,665000,40%,Harian
15/01/2026,Ekado,15,Pcs,8000,120000,9000,15000,135000,"12,5%",Ritel
15/01/2026,"Cireng Danu",100,Pcs,2000,200000,2500,50000,250000,25%,#N/A
15/01/2026,"Risol Mayo Pedas",50,Pcs,3000,150000,4000,25000,175000,"16,66666667%",Harian
15/01/2026,Otak-Otak,110,Pcs,1000,110000,1500,110000,220000,100%,Ritel
15/01/2026,"Kentang Goreng",24,Pcs,9000,216000,10000,24000,240000,"11,11111111%",Ritel
15/01/2026,Risoles,20,Pcs,1500,30000,2000,10000,40000,"33,33333333%",Harian
15/01/2026,"Cireng Irfan",35,Pcs,1500,52500,2000,17500,70000,"33,33333333%",#N/A
15/01/2026,Cibay,35,Pcs,1500,52500,2000,17500,70000,"33,33333333%",Ritel
15/01/2026,Bakwan,40,Pcs,2000,80000,2500,20000,100000,25%,Harian
15/01/2026,Sus,72,Pcs,3000,216000,3500,36000,252000,"16,66666667%",Ritel
15/01/2026,"Baso Cilok Kriwil",19,Pcs,10000,190000,11000,19000,209000,10%,Harian
15/01/2026,Donat,35,Pcs,2500,87500,3000,17500,105000,20%,Ritel
15/01/2026,Ketan,25,Pcs,2000,50000,3000,12500,62500,25%,Harian
15/01/2026,"Dadar Gulung",25,Pcs,2500,62500,3000,12500,75000,20%,Ritel
15/01/2026,Cicos,35,Pcs,4000,140000,5000,35000,175000,25%,Harian
15/01/2026,"Pisang Goreng",25,Pcs,2000,50000,2000,12500,62500,25%,Ritel
15/01/2026,Cilok,37,Pcs,2500,92500,3000,37000,129500,40%,Harian
15/01/2026,Karoket,25,Pcs,1500,37500,2000,12500,50000,"33,33333333%",Ritel
15/01/2026,Pastel,35,Pcs,3000,105000,2500,17500,122500,"16,66666667%",Harian
15/01/2026,"Lumpia Goreng",15,Pcs,3000,45000,3500,7500,52500,"16,66666667%",Ritel
15/01/2026,Puding,70,Pcs,2000,140000,2500,70000,210000,50%,Harian
15/01/2026,"Risol Mayo",97,Pcs,3000,291000,3500,48500,339500,"16,66666667%",Harian
15/01/2026,Pikdas,150,Pcs,4000,600000,5000,150000,750000,25%,Harian
15/01/2026,Bayam,25,Pcs,9000,225000,10000,25000,250000,"11,11111111%",Harian
15/01/2026,Brownies,12,Pcs,6000,72000,8000,24000,96000,"33,33333333%",Harian
15/01/2026,Brownies,10,Pcs,6000,60000,8000,20000,80000,"33,33333333%",Harian
15/01/2026,Makban,300,Pcs,4000,1200000,5000,300000,1500000,25%,Harian
15/01/2026,"Kripca Pedas",38,Pcs,4500,171000,6000,57000,228000,"33,33333333%",Harian
15/01/2026,"Kripca Balado",26,Pcs,4500,117000,6000,39000,156000,"33,33333333%",Harian
15/01/2026,"Kripca Ori",26,Pcs,4500,117000,6000,39000,156000,"33,33333333%",Harian
15/01/2026,"Elang Snack",50,Pcs,8500,425000,10000,175000,600000,"41,17647059%",Ritel
15/01/2026,Ades,216,Pcs,"1812,5",391500,2500,364500,756000,"93,10344828%",Ritel
15/01/2026,Frestea,180,Pcs,3104,558720,5000,341280,900000,"61,08247423%",Ritel
15/01/2026,"Minute Maid Pulpy",60,Pcs,"4494,333333",269660,5500,150340,420000,"55,75168731%",Ritel
17/01/2026,Ricebowl,15,Pcs,10000,150000,12000,30000,180000,20%,Ritel
17/01/2026,Ricebowl,6,Pcs,10000,60000,12000,12000,72000,20%,Ritel
17/01/2026,Pastel,24,Pcs,3000,72000,2500,12000,84000,"16,66666667%",Harian
19/01/2026,Brownies,13,Pcs,6000,78000,8000,26000,104000,"33,33333333%",Harian
19/01/2026,"Nasi Cokot",75,Pcs,5000,375000,6000,150000,525000,40%,Harian
19/01/2026,Ricebowl,47,Pcs,10000,470000,12000,94000,564000,20%,Ritel
19/01/2026,"Nasi Bakar",15,Pcs,8000,120000,10000,30000,150000,25%,Harian
19/01/2026,Sus,62,Pcs,3000,186000,3500,31000,217000,"16,66666667%",Ritel
19/01/2026,Bakwan,35,Pcs,2000,70000,2500,17500,87500,25%,Harian
19/01/2026,Cilok,50,Pcs,2500,125000,3000,50000,175000,40%,Harian
19/01/2026,Karoket,30,Pcs,1500,45000,2000,15000,60000,"33,33333333%",Ritel
19/01/2026,Donat,30,Pcs,2500,75000,3000,15000,90000,20%,Ritel
19/01/2026,"Dadar Gulung",8,Pcs,2500,20000,3000,4000,24000,20%,Ritel
19/01/2026,Ketan,20,Pcs,2000,40000,3000,10000,50000,25%,Harian
19/01/2026,Pastel,35,Pcs,3000,105000,2500,17500,122500,"16,66666667%",Harian
19/01/2026,"Lumpia Goreng",17,Pcs,3000,51000,3500,8500,59500,"16,66666667%",Ritel
19/01/2026,"Risol Mayo",130,Pcs,3000,390000,3500,65000,455000,"16,66666667%",Harian
19/01/2026,"Pangsit Bojot",27,Pcs,10000,270000,12000,54000,324000,20%,Harian
19/01/2026,"Pangsit Goreng",14,Pcs,9000,126000,10000,14000,140000,"11,11111111%",Harian
19/01/2026,Otak-Otak,114,Pcs,1000,114000,1500,114000,228000,100%,Ritel
19/01/2026,Risoles,14,Pcs,1500,21000,2000,7000,28000,"33,33333333%",Harian
19/01/2026,"Cireng Irfan",30,Pcs,1500,45000,2000,15000,60000,"33,33333333%",#N/A
19/01/2026,Cibay,40,Pcs,1500,60000,2000,20000,80000,"33,33333333%",Ritel
19/01/2026,Makaroni,100,Pcs,4000,400000,2500,200000,600000,50%,Ritel
19/01/2026,Basreng,100,Pcs,5000,500000,6000,200000,700000,40%,Harian
20/01/2026,"Cireng Danu",100,Pcs,2000,200000,2500,50000,250000,25%,#N/A
20/01/2026,Lontong,16,Pcs,2000,32000,2500,8000,40000,25%,Harian
20/01/2026,Tempe,41,Pcs,2000,82000,2500,20500,102500,25%,Ritel
20/01/2026,Buah,8,Pcs,7000,56000,8000,8000,64000,"14,28571429%",Harian
20/01/2026,"Ali Agrem",20,Pcs,2000,40000,2000,10000,50000,25%,Harian
20/01/2026,Spagetti,17,Pcs,9000,153000,10000,17000,170000,"11,11111111%",Harian
20/01/2026,"Sosis Solo",28,Pcs,2500,70000,3000,14000,84000,20%,Ritel
20/01/2026,"Nasi Cokot",75,Pcs,5000,375000,6000,150000,525000,40%,Harian
20/01/2026,Ricebowl,32,Pcs,10000,320000,12000,64000,384000,20%,Ritel
20/01/2026,"Si Lahetot",66,Pcs,5000,330000,6000,132000,462000,40%,Harian
20/01/2026,"Pangsit Bojot",35,Pcs,10000,350000,12000,70000,420000,20%,Harian
20/01/2026,"Pangsit Goreng",11,Pcs,9000,99000,10000,11000,110000,"11,11111111%",Harian
20/01/2026,Otak-Otak,90,Pcs,1000,90000,1500,90000,180000,100%,Ritel
20/01/2026,"Nasi Bakar",15,Pcs,8000,120000,10000,30000,150000,25%,Harian
20/01/2026,Sus,46,Pcs,3000,138000,3500,23000,161000,"16,66666667%",Ritel
20/01/2026,Bakwan,33,Pcs,2000,66000,2500,16500,82500,25%,Harian
20/01/2026,Pastel,23,Pcs,3000,69000,2500,11500,80500,"16,66666667%",Harian
20/01/2026,"Lumpia Goreng",15,Pcs,3000,45000,3500,7500,52500,"16,66666667%",Ritel
20/01/2026,Donat,30,Pcs,2500,75000,3000,15000,90000,20%,Ritel
20/01/2026,"Dadar Gulung",18,Pcs,2500,45000,3000,9000,54000,20%,Ritel
20/01/2026,Ketan,20,Pcs,2000,40000,3000,10000,50000,25%,Harian
20/01/2026,Cilok,50,Pcs,2500,125000,3000,50000,175000,40%,Harian
20/01/2026,Karoket,31,Pcs,1500,46500,2000,15500,62000,"33,33333333%",Ritel
20/01/2026,Risoles,29,Pcs,1500,43500,2000,14500,58000,"33,33333333%",Harian
20/01/2026,Cibay,39,Pcs,1500,58500,2000,19500,78000,"33,33333333%",Ritel
20/01/2026,"Cireng Irfan",30,Pcs,1500,45000,2000,15000,60000,"33,33333333%",#N/A
20/01/2026,"Risol Mayo",133,Pcs,3000,399000,3500,66500,465500,"16,66666667%",Harian
20/01/2026,Brownies,12,Pcs,6000,72000,8000,24000,96000,"33,33333333%",Harian
20/01/2026,"Vinda Soft Pack Classic",2,Pcs,6900,13800,6900,0,13800,0%,Ritel
20/01/2026,"Vinda Soft Pack Delux",1,Pcs,9600,9600,9600,0,9600,0%,Ritel
20/01/2026,"Fresly Air Care",1,Pcs,32700,32700,32700,0,32700,0%,Ritel
20/01/2026,"Hit aer Pink Blossom",1,Pcs,16600,16600,16600,0,16600,0%,Ritel
20/01/2026,"Roll On Posh Hijab",1,Pcs,14900,14900,14900,0,14900,0%,Harian
20/01/2026,"Dahlia Ref Cfs",1,Pcs,7900,7900,10080,2180,10080,"27,59493671%",Harian
21/01/2026,Ricebowl,45,Pcs,10000,450000,12000,90000,540000,20%,Ritel
21/01/2026,"Lumpia Goreng",17,Pcs,3000,51000,3500,8500,59500,"16,66666667%",Ritel
21/01/2026,Pastel,32,Pcs,3000,96000,2500,16000,112000,"16,66666667%",Harian
21/01/2026,"Cireng Danu",99,Pcs,2000,198000,2500,49500,247500,25%,#N/A
21/01/2026,Buah,1,Pcs,7000,7000,8000,1000,8000,"14,28571429%",Harian
21/01/2026,"Ali Agrem",18,Pcs,2000,36000,2000,9000,45000,25%,Harian
21/01/2026,Lontong,9,Pcs,2000,18000,2500,4500,22500,25%,Harian
21/01/2026,Tempe,18,Pcs,2000,36000,2500,9000,45000,25%,Ritel
21/01/2026,"Sosis Solo",44,Pcs,2500,110000,3000,22000,132000,20%,Ritel
21/01/2026,Spagetti,11,Pcs,9000,99000,10000,11000,110000,"11,11111111%",Harian
21/01/2026,"Nasi Cokot",44,Pcs,5000,220000,6000,88000,308000,40%,Harian
21/01/2026,"Pangsit Bojot",13,Pcs,10000,130000,12000,26000,156000,20%,Harian
21/01/2026,"Pangsit Goreng",15,Pcs,9000,135000,10000,15000,150000,"11,11111111%",Harian
21/01/2026,"Nasi Bakar",4,Pcs,8000,32000,10000,8000,40000,25%,Harian
21/01/2026,Sus,43,Pcs,3000,129000,3500,21500,150500,"16,66666667%",Ritel
21/01/2026,Bakwan,27,Pcs,2000,54000,2500,13500,67500,25%,Harian
21/01/2026,Donat,30,Pcs,2500,75000,3000,15000,90000,20%,Ritel
21/01/2026,"Dadar Gulung",12,Pcs,2500,30000,3000,6000,36000,20%,Ritel
21/01/2026,Ketan,14,Pcs,2000,28000,3000,7000,35000,25%,Harian
21/01/2026,Otak-Otak,54,Pcs,1000,54000,1500,54000,108000,100%,Ritel
21/01/2026,"Si Lahetot",33,Pcs,5000,165000,6000,66000,231000,40%,Harian
21/01/2026,"Risol Mayo",96,Pcs,3000,288000,3500,48000,336000,"16,66666667%",Harian
21/01/2026,Cilok,44,Pcs,2500,110000,3000,44000,154000,40%,Harian
21/01/2026,Karoket,18,Pcs,1500,27000,2000,9000,36000,"33,33333333%",Ritel
21/01/2026,Brownies,13,Pcs,6000,78000,8000,26000,104000,"33,33333333%",Harian
21/01/2026,Otak-Otak,48,Pcs,1000,48000,1500,48000,96000,100%,Ritel
21/01/2026,"Cireng Japlun",85,Pcs,2000,170000,2500,42500,212500,25%,#N/A
21/01/2026,"CC Roll",24,Pcs,1500,36000,2000,12000,48000,"33,33333333%",Harian
21/01/2026,"Ricebowl Pa Hadi",18,Pcs,12000,216000,14000,36000,252000,"16,66666667%",Harian
21/01/2026,Usus,150,Pcs,2000,300000,2500,150000,450000,50%,Ritel
21/01/2026,"Risol Mayo Pedas",22,Pcs,3000,66000,4000,11000,77000,"16,66666667%",Harian
21/01/2026,Spagetti,3,Pcs,9000,27000,10000,3000,30000,"11,11111111%",Harian
21/01/2026,"Sosis Solo",35,Pcs,2500,87500,3000,17500,105000,20%,Ritel
21/01/2026,"Cireng Japlun",50,Pcs,2000,100000,2500,25000,125000,25%,#N/A
21/01/2026,"Pangsit Bojot",16,Pcs,10000,160000,12000,32000,192000,20%,Harian
21/01/2026,"Pangsit Goreng",7,Pcs,9000,63000,10000,7000,70000,"11,11111111%",Harian
21/01/2026,Bakwan,16,Pcs,2000,32000,2500,8000,40000,25%,Harian
21/01/2026,Sus,27,Pcs,3000,81000,3500,13500,94500,"16,66666667%",Ritel
21/01/2026,"Cireng Danu",100,Pcs,2000,200000,2500,50000,250000,25%,#N/A
21/01/2026,Ricebowl,37,Pcs,10000,370000,12000,74000,444000,20%,Ritel
21/01/2026,"Si Lahetot",71,Pcs,5000,355000,6000,142000,497000,40%,Harian
21/01/2026,"Nasi Bakar",5,Pcs,8000,40000,10000,10000,50000,25%,Harian
21/01/2026,"Nasi Cokot",37,Pcs,5000,185000,6000,74000,259000,40%,Harian
21/01/2026,Pastel,21,Pcs,3000,63000,2500,10500,73500,"16,66666667%",Harian
21/01/2026,"Baso Cilok Kriwil",9,Pcs,10000,90000,11000,9000,99000,10%,Harian
21/01/2026,Donat,27,Pcs,2500,67500,3000,13500,81000,20%,Ritel
21/01/2026,"Dadar Gulung",7,Pcs,2500,17500,3000,3500,21000,20%,Ritel
21/01/2026,Ketan,10,Pcs,2000,20000,3000,5000,25000,25%,Harian
21/01/2026,Ekado,1,Pcs,8000,8000,9000,1000,9000,"12,5%",Ritel
21/01/2026,Tempe,20,Pcs,2000,40000,2500,10000,50000,25%,Ritel
21/01/2026,Buah,9,Pcs,7000,63000,8000,9000,72000,"14,28571429%",Harian
21/01/2026,Onde,22,Pcs,2500,55000,6000,11000,66000,20%,Ritel
21/01/2026,Bolu,3,Pcs,2500,7500,3000,1500,9000,20%,Harian
21/01/2026,Risoles,13,Pcs,1500,19500,2000,6500,26000,"33,33333333%",Harian
21/01/2026,"Cireng Irfan",19,Pcs,1500,28500,2000,9500,38000,"33,33333333%",#N/A
21/01/2026,Cibay,40,Pcs,1500,60000,2000,20000,80000,"33,33333333%",Ritel
21/01/2026,Cicos,21,Pcs,4000,84000,5000,21000,105000,25%,Harian
21/01/2026,"Pisang Goreng",18,Pcs,2000,36000,2000,9000,45000,25%,Ritel
21/01/2026,Cilok,21,Pcs,2500,52500,3000,21000,73500,40%,Harian
21/01/2026,Karoket,13,Pcs,1500,19500,2000,6500,26000,"33,33333333%",Ritel
21/01/2026,"Risol Mayo",84,Pcs,3000,252000,3500,42000,294000,"16,66666667%",Harian
21/01/2026,"Torabika Creamy Latte",20,Pcs,1650,33000,2150,47000,80000,"142,4242424%",#N/A
21/01/2026,Indocafemix,20,Pcs,1600,32000,2050,48000,80000,150%,Ritel
21/01/2026,"Bendera Putih Sachet",20,Pcs,830,16600,3000,43400,60000,"261,4457831%",Ritel
21/01/2026,"Luwak White Tarik Malaka",20,Pcs,1600,32000,4000,48000,80000,150%,Harian
21/01/2026,"Good Day Vanila Latte",40,Pcs,1600,64000,4000,96000,160000,150%,Ritel
21/01/2026,"Kapal Api Mix",50,Pcs,1750,87500,2500,112500,200000,"128,5714286%",Ritel
21/01/2026,"Top Strawberry 1000",48,Pcs,"862,5",41400,1000,6600,48000,"15,94202899%",Ritel
21/01/2026,Superstar,40,Pcs,900,36000,1250,4000,40000,"11,11111111%",Harian
21/01/2026,"Chocolatos Mix",48,Pcs,"916,6666667",44000,1500,28000,72000,"63,63636364%",Ritel
21/01/2026,"Chocolatos 500",48,Pcs,"604,1666667",29000,1000,19000,48000,"65,51724138%",Ritel
21/01/2026,"Sari Gandum",24,Pcs,"1666,666667",40000,2167,20000,60000,50%,Ritel
21/01/2026,Bengbeng,34,Pcs,"2176,470588",74000,3000,28000,102000,"37,83783784%",Ritel
21/01/2026,Tessa,2,Pcs,5000,10000,5500,0,10000,0%,Ritel
21/01/2026,"Charm Safe Night",10,Pcs,1350,13500,3500,16500,30000,"122,2222222%",Ritel
21/01/2026,"Charm 23 cm",10,Pcs,1350,13500,2000,16500,30000,"122,2222222%",Ritel
21/01/2026,"ABC Susu",10,Pcs,1750,17500,2500,22500,40000,"128,5714286%",Ritel
21/01/2026,"Dilan 5 in 1",24,Pcs,"1833,333333",44000,2500,16000,60000,"36,36363636%",Ritel
21/01/2026,"Chocolatos Rich Roll",24,Pcs,"895,8333333",21500,1500,26500,48000,"123,255814%",Ritel
21/01/2026,"Milkita Candy",50,Pcs,146,7300,500,17700,25000,"242,4657534%",Harian
21/01/2026,"Super Zuper",50,Pcs,140,7000,640,9650,16650,"137,8571429%",Harian
21/01/2026,"Permen Kis",50,Pcs,140,7000,333,9650,16650,"137,8571429%",Harian
21/01/2026,"Permen Relaxa",50,Pcs,140,7000,640,9650,16650,"137,8571429%",Harian
21/01/2026,"Aice Mochi Vanilla",40,Pcs,"2312,5",92500,4000,67500,160000,"72,97297297%",Ritel
21/01/2026,"Aice Mochi Mango",40,Pcs,"2362,5",94500,4000,65500,160000,"69,31216931%",Ritel
21/01/2026,"Aice Sweet Corn",40,Pcs,2400,96000,3000,64000,160000,"66,66666667%",Ritel
21/01/2026,"Aice Chocolate Crispy Stick",50,Pcs,2340,117000,3000,233000,350000,"199,1452991%",Ritel
21/01/2026,"Aice Strawberry Crispy",50,Pcs,2200,110000,3500,190000,300000,"172,7272727%",Ritel
21/01/2026,"Aice Crispy Ball Cookies and Cream",30,Pcs,3950,118500,7000,91500,210000,"77,21518987%",Ritel
21/01/2026,"Aice Chocolate Sundae",96,Pcs,"4041,666667",388000,7000,284000,672000,"73,19587629%",Ritel
21/01/2026,"Aice Histeria Matcha",40,Pcs,3800,152000,7500,208000,360000,"136,8421053%",Ritel
22/01/2026,Buah,3,Pcs,7000,21000,8000,3000,24000,"14,28571429%",Harian
22/01/2026,"Ali Agrem",8,Pcs,2000,16000,2000,4000,20000,25%,Harian
22/01/2026,Lontong,4,Pcs,2000,8000,2500,2000,10000,25%,Harian
22/01/2026,Tempe,40,Pcs,2000,80000,2500,20000,100000,25%,Ritel
22/01/2026,Donat,26,Pcs,2500,65000,3000,13000,78000,20%,Ritel
22/01/2026,"Dadar Gulung",2,Pcs,2500,5000,3000,1000,6000,20%,Ritel
22/01/2026,Ketan,5,Pcs,2000,10000,3000,2500,12500,25%,Harian
22/01/2026,"Cireng Danu",100,Pcs,2000,200000,2500,50000,250000,25%,#N/A
22/01/2026,"Nasi Cokot",47,Pcs,5000,235000,6000,94000,329000,40%,Harian
22/01/2026,Spagetti,10,Pcs,9000,90000,10000,10000,100000,"11,11111111%",Harian
22/01/2026,"Sosis Solo",37,Pcs,2500,92500,3000,18500,111000,20%,Ritel
22/01/2026,Ricebowl,37,Pcs,10000,370000,12000,74000,444000,20%,Ritel
22/01/2026,"Pangsit Bojot",12,Pcs,10000,120000,12000,24000,144000,20%,Harian
22/01/2026,"Pangsit Goreng",10,Pcs,9000,90000,10000,10000,100000,"11,11111111%",Harian
22/01/2026,Risoles,14,Pcs,1500,21000,2000,7000,28000,"33,33333333%",Harian
22/01/2026,"Cireng Irfan",35,Pcs,1500,52500,2000,17500,70000,"33,33333333%",#N/A
22/01/2026,Cibay,38,Pcs,1500,57000,2000,19000,76000,"33,33333333%",Ritel
22/01/2026,"Si Lahetot",47,Pcs,5000,235000,6000,94000,329000,40%,Harian
22/01/2026,Sus,29,Pcs,3000,87000,3500,14500,101500,"16,66666667%",Ritel
22/01/2026,Bakwan,19,Pcs,2000,38000,2500,9500,47500,25%,Harian
22/01/2026,Cilok,25,Pcs,2500,62500,3000,25000,87500,40%,Harian
22/01/2026,Karoket,18,Pcs,1500,27000,2000,9000,36000,"33,33333333%",Ritel
22/01/2026,"Risol Mayo",55,Pcs,3000,165000,3500,27500,192500,"16,66666667%",Harian
22/01/2026,"Sedaap Mie Cup Goreng",12,Pcs,"4366,666667",52400,5500,43600,96000,"83,20610687%",Ritel
22/01/2026,"Sedaap Mie Cup Korean Spicy",12,Pcs,"4366,666667",52400,5500,43600,96000,"83,20610687%",Harian
22/01/2026,"Sedaap Mie Cup Ayam Jerit",12,Pcs,"4164,583333",49975,5000,46025,96000,"92,09604802%",Ritel
22/01/2026,"Sedaap Mie Cup Bakso",12,Pcs,"4164,583333",49975,8000,46025,96000,"92,09604802%",Ritel
22/01/2026,"Sedaap Mie Cup Soto",12,Pcs,"4164,583333",49975,5000,46025,96000,"92,09604802%",Harian
23/01/2026,"Cireng Danu",98,Pcs,2000,196000,2500,49000,245000,25%,#N/A
23/01/2026,"Si Lahetot",33,Pcs,5000,165000,6000,66000,231000,40%,Harian
23/01/2026,Risoles,12,Pcs,1500,18000,2000,6000,24000,"33,33333333%",Harian
23/01/2026,"Cireng Irfan",25,Pcs,1500,37500,2000,12500,50000,"33,33333333%",#N/A
23/01/2026,Cibay,25,Pcs,1500,37500,2000,12500,50000,"33,33333333%",Ritel
23/01/2026,Pastel,26,Pcs,3000,78000,2500,13000,91000,"16,66666667%",Harian
23/01/2026,"Lumpia Goreng",21,Pcs,3000,63000,3500,10500,73500,"16,66666667%",Ritel
23/01/2026,Sus,32,Pcs,3000,96000,3500,16000,112000,"16,66666667%",Ritel
23/01/2026,"Nasi Cokot",50,Pcs,5000,250000,6000,100000,350000,40%,Harian
23/01/2026,Ricebowl,25,Pcs,10000,250000,12000,50000,300000,20%,Ritel
23/01/2026,Donat,30,Pcs,2500,75000,3000,15000,90000,20%,Ritel
23/01/2026,"Dadar Gulung",10,Pcs,2500,25000,3000,5000,30000,20%,Ritel
23/01/2026,Ketan,14,Pcs,2000,28000,3000,7000,35000,25%,Harian
23/01/2026,Cilok,25,Pcs,2500,62500,3000,25000,87500,40%,Harian
23/01/2026,Karoket,18,Pcs,1500,27000,2000,9000,36000,"33,33333333%",Ritel
23/01/2026,"Risol Mayo",35,Pcs,3000,105000,3500,17500,122500,"16,66666667%",Harian
23/01/2026,Pastel,21,Pcs,3000,63000,2500,10500,73500,"16,66666667%",Harian
23/01/2026,"Lumpia Goreng",10,Pcs,3000,30000,3500,5000,35000,"16,66666667%",Ritel
23/01/2026,Sand.Kacang,3,Pcs,6000,18000,7200,3600,21600,20%,Harian
23/01/2026,Sand.Keju,8,Pcs,6000,48000,7200,9600,57600,20%,Harian
23/01/2026,"Choco Bun",11,Pcs,4000,44000,4800,8800,52800,20%,Ritel
23/01/2026,"Choco Cheese GT",16,Pcs,4000,64000,4800,12800,76800,20%,Ritel
23/01/2026,"Straw Bun GT",2,Pcs,4000,8000,4800,1600,9600,20%,Harian
23/01/2026,"Blue Bun GT",2,Pcs,4000,8000,5000,2000,10000,25%,Harian
23/01/2026,"Coconut Bun GT",2,Pcs,4000,8000,4800,1600,9600,20%,Harian
23/01/2026,"Z Krim Cokelat",1,Pcs,5000,5000,6000,1000,6000,20%,Ritel
23/01/2026,"Dryk Ckl",3,Pcs,6000,18000,7200,3600,21600,20%,Harian
23/01/2026,"Dryk Straw",1,Pcs,6000,6000,7200,1200,7200,20%,Ritel
23/01/2026,"Dryk Nastar",1,Pcs,6000,6000,7200,1200,7200,20%,Harian
23/01/2026,"Ksr Keju",1,Pcs,14000,14000,16200,2800,16800,20%,Harian
23/01/2026,"Sbk Cokelat",2,Pcs,18000,36000,21600,7200,43200,20%,Ritel
23/01/2026,"Sbk Duo Cokelat Keju",1,Pcs,8500,8500,9700,1200,9700,"14,11764706%",Ritel
23/01/2026,"Chif Cokelat",3,Pcs,5000,15000,6000,3000,18000,20%,Ritel
24/01/2026,Sus,14,Pcs,3000,42000,3500,7000,49000,"16,66666667%",Ritel
24/01/2026,Bakwan,9,Pcs,2000,18000,2500,4500,22500,25%,Harian
24/01/2026,Ricebowl,16,Pcs,10000,160000,12000,32000,192000,20%,Ritel
26/01/2026,"CC Roll",36,Pcs,1500,54000,2000,18000,72000,"33,33333333%",Harian
26/01/2026,"Ricebowl Pa Hadi",21,Pcs,12000,252000,14000,42000,294000,"16,66666667%",Harian
26/01/2026,Buah,8,Pcs,7000,56000,8000,8000,64000,"14,28571429%",Harian
26/01/2026,Tempe,27,Pcs,2000,54000,2500,13500,67500,25%,Ritel
26/01/2026,Lontong,6,Pcs,1500,9000,2500,3000,12000,"33,33333333%",Ritel
26/01/2026,Onde,10,Pcs,2500,25000,6000,5000,30000,20%,Ritel
26/01/2026,"Rafa Putra",60,Pcs,1600,96000,2000,24000,120000,25%,Harian
26/01/2026,Spagetti,12,Pcs,9000,108000,10000,12000,120000,"11,11111111%",Harian
26/01/2026,"Sosis Solo",48,Pcs,2500,120000,3000,24000,144000,20%,Ritel
26/01/2026,Sus,45,Pcs,3000,135000,3500,22500,157500,"16,66666667%",Ritel
26/01/2026,Bakwan,15,Pcs,2000,30000,2500,7500,37500,25%,Harian
26/01/2026,Ricebowl,34,Pcs,10000,340000,12000,68000,408000,20%,Ritel
26/01/2026,Risoles,13,Pcs,1500,19500,2000,6500,26000,"33,33333333%",Harian
26/01/2026,"Cireng Irfan",26,Pcs,1500,39000,2000,13000,52000,"33,33333333%",#N/A
26/01/2026,Cibay,28,Pcs,1500,42000,2000,14000,56000,"33,33333333%",Ritel
26/01/2026,"Si Lahetot",97,Pcs,5000,485000,6000,194000,679000,40%,Harian
26/01/2026,"Cireng Japlun",49,Pcs,2000,98000,2500,24500,122500,25%,#N/A
26/01/2026,"Nasi Cokot",50,Pcs,5000,250000,6000,100000,350000,40%,Harian
26/01/2026,"Pangsit Bojot",18,Pcs,10000,180000,12000,36000,216000,20%,Harian
26/01/2026,"Pangsit Goreng",11,Pcs,9000,99000,10000,11000,110000,"11,11111111%",Harian
26/01/2026,"Baso Cilok Kriwil",16,Pcs,10000,160000,11000,16000,176000,10%,Harian
26/01/2026,Cilok,45,Pcs,2500,112500,3000,45000,157500,40%,Harian
26/01/2026,Karoket,4,Pcs,1500,6000,2000,2000,8000,"33,33333333%",Ritel
26/01/2026,"Nasi Bakar",3,Pcs,8000,24000,10000,6000,30000,25%,Harian
26/01/2026,Donat,25,Pcs,2500,62500,3000,12500,75000,20%,Ritel
26/01/2026,"Dadar Gulung",6,Pcs,2500,15000,3000,3000,18000,20%,Ritel
26/01/2026,Ketan,17,Pcs,2000,34000,3000,8500,42500,25%,Harian
26/01/2026,Cicos,18,Pcs,4000,72000,5000,18000,90000,25%,Harian
26/01/2026,"Pisang Goreng",10,Pcs,2000,20000,2000,5000,25000,25%,Ritel
26/01/2026,Pastel,22,Pcs,3000,66000,2500,11000,77000,"16,66666667%",Harian
26/01/2026,"Lumpia Goreng",8,Pcs,3000,24000,3500,4000,28000,"16,66666667%",Ritel
26/01/2026,Ekado,4,Pcs,8000,32000,9000,4000,36000,"12,5%",Ritel
26/01/2026,"Cireng Danu",100,Pcs,2000,200000,2500,50000,250000,25%,#N/A
26/01/2026,"Risol Mayo",119,Pcs,3000,357000,3500,59500,416500,"16,66666667%",Harian
26/01/2026,"Lunch Pack Choco Lava",20,Pcs,5000,100000,6000,20000,120000,20%,Harian
26/01/2026,"Lunch Pack Cheese Lava",20,Pcs,5000,100000,6000,20000,120000,20%,Harian
26/01/2026,"Lunch Pack Cheese Cake",10,Pcs,5000,50000,6000,10000,60000,20%,Harian
26/01/2026,"Sandwich Margarin Manis",10,Pcs,4500,45000,5400,9000,54000,20%,Ritel
26/01/2026,"Sandwich Cokelat",15,Pcs,4500,67500,5400,13500,81000,20%,Ritel
26/01/2026,"Sandwich Sarikaya",5,Pcs,4500,22500,5400,4500,27000,20%,Ritel
26/01/2026,"Sandwich Keju",5,Pcs,4500,22500,5400,4500,27000,20%,Ritel
26/01/2026,"Sobek Cokelat",1,Pcs,16500,16500,19800,3300,19800,20%,Ritel
26/01/2026,"Sobek 2 Funwari Cokelat",3,Pcs,8500,25500,10000,4500,30000,"17,64705882%",Ritel
26/01/2026,"Funwari Roll Cokelat",8,Pcs,6000,48000,7200,9600,57600,20%,Ritel
26/01/2026,"Funwari Roll Cheese",5,Pcs,6000,30000,7200,6000,36000,20%,Ritel
26/01/2026,"Roti Isi Cokelat",3,Pcs,5000,15000,6000,3000,18000,20%,Harian
26/01/2026,"Roti Isi Susu",3,Pcs,5000,15000,6000,3000,18000,20%,Ritel
26/01/2026,"Roti Isi Keju",3,Pcs,5000,15000,6000,3000,18000,20%,Harian
26/01/2026,"Steam Cake Cheese",2,Pcs,9000,18000,10800,3600,21600,20%,Ritel
26/01/2026,"Steam Cake Chocolate",2,Pcs,9000,18000,10800,3600,21600,20%,Ritel
26/01/2026,"Steam Cake Strawberry Choco",2,Pcs,9000,18000,10800,3600,21600,20%,Ritel
26/01/2026,"Danish Roll Triple Cheese",5,Pcs,7500,37500,9000,7500,45000,20%,Ritel
26/01/2026,"Twist Cokelat",5,Pcs,6000,30000,8000,10000,40000,"33,33333333%",Ritel
27/01/2026,Sand.Ckl,7,Pcs,6000,42000,7200,8400,50400,20%,Harian
27/01/2026,Sand.Kacang,2,Pcs,6000,12000,7200,2400,14400,20%,Harian
27/01/2026,Sand.Keju,2,Pcs,6000,12000,7200,2400,14400,20%,Harian
27/01/2026,Sand.Sarikaya,1,Pcs,6000,6000,7200,1200,7200,20%,Harian
27/01/2026,Sandzup.Strw,2,Pcs,5000,10000,6000,2000,12000,20%,Ritel
27/01/2026,"Swe Cheese Bun GT",1,Pcs,4000,4000,4800,800,4800,20%,Ritel
27/01/2026,"Straw Bun GT",1,Pcs,4000,4000,4800,800,4800,20%,Harian
27/01/2026,"Blue Bun GT",1,Pcs,4000,4000,5000,1000,5000,25%,Harian
27/01/2026,"Z Krim Cokelat",1,Pcs,5000,5000,6000,1000,6000,20%,Ritel
27/01/2026,"Z Krim Keju",1,Pcs,5000,5000,6000,1000,6000,20%,Ritel
27/01/2026,"Z Krim Moc",1,Pcs,5000,5000,6000,1000,6000,20%,Ritel
27/01/2026,"Z Krim Chodbl",1,Pcs,5000,5000,6000,1000,6000,20%,Harian
27/01/2026,"Z Krim Strawberry",1,Pcs,5000,5000,6000,1000,6000,20%,Harian
27/01/2026,"Sbk Cokelat Keju",1,Pcs,18000,18000,21600,3600,21600,20%,Ritel
27/01/2026,"Sbk Duo Cokelat",1,Pcs,8000,8000,13000,1600,9600,20%,Ritel
27/01/2026,"Ksr Keju",2,Pcs,14000,28000,16200,5600,33600,20%,Harian
27/01/2026,"Ksr Krim Meses",1,Pcs,11500,11500,13300,1800,13300,"15,65217391%",Harian
27/01/2026,"Sbk Duo Cokelat Keju",1,Pcs,8500,8500,9700,1200,9700,"14,11764706%",Ritel
27/01/2026,"Chif Pandan",1,Pcs,5000,5000,6000,1000,6000,20%,Ritel
28/01/2026,Buah,3,Pcs,7000,21000,8000,3000,24000,"14,28571429%",Harian
28/01/2026,Onde,29,Pcs,2500,72500,6000,14500,87000,20%,Ritel
28/01/2026,Lemper,10,Pcs,3000,30000,3000,5000,35000,"16,66666667%",Ritel
28/01/2026,Odading,9,Pcs,2500,22500,3000,4500,27000,20%,Ritel
28/01/2026,Spagetti,17,Pcs,9000,153000,10000,17000,170000,"11,11111111%",Harian
28/01/2026,"Sosis Solo",45,Pcs,2500,112500,3000,22500,135000,20%,Ritel
28/01/2026,"Cireng Japlun",50,Pcs,2000,100000,2500,25000,125000,25%,#N/A
28/01/2026,"Karoket Ayam",29,Pcs,2500,72500,3000,14500,87000,20%,Harian
28/01/2026,Sus,41,Pcs,3000,123000,3500,20500,143500,"16,66666667%",Ritel
28/01/2026,Bakwan,35,Pcs,2000,70000,2500,17500,87500,25%,Harian
28/01/2026,"Cireng Danu",100,Pcs,2000,200000,2500,50000,250000,25%,#N/A
28/01/2026,"Pangsit Bojot",12,Pcs,10000,120000,12000,24000,144000,20%,Harian
28/01/2026,"Pangsit Goreng",13,Pcs,9000,117000,10000,13000,130000,"11,11111111%",Harian
28/01/2026,Risoles,15,Pcs,1500,22500,2000,7500,30000,"33,33333333%",Harian
28/01/2026,"Cireng Irfan",20,Pcs,1500,30000,2000,10000,40000,"33,33333333%",#N/A
28/01/2026,Cibay,28,Pcs,1500,42000,2000,14000,56000,"33,33333333%",Ritel
28/01/2026,"Si Lahetot",59,Pcs,5000,295000,6000,118000,413000,40%,Harian
28/01/2026,"Nasi Cokot",50,Pcs,5000,250000,6000,100000,350000,40%,Harian
28/01/2026,Ricebowl,27,Pcs,10000,270000,12000,54000,324000,20%,Ritel
28/01/2026,Cicos,5,Pcs,4000,20000,5000,5000,25000,25%,Harian
28/01/2026,"Pisang Goreng",17,Pcs,2000,34000,2000,8500,42500,25%,Ritel
28/01/2026,Donat,28,Pcs,2500,70000,3000,14000,84000,20%,Ritel
28/01/2026,"Dadar Gulung",9,Pcs,2500,22500,3000,4500,27000,20%,Ritel
28/01/2026,Ketan,12,Pcs,2000,24000,3000,6000,30000,25%,Harian
28/01/2026,Cilok,20,Pcs,2500,50000,3000,20000,70000,40%,Harian
28/01/2026,Karoket,19,Pcs,1500,28500,2000,9500,38000,"33,33333333%",Ritel
28/01/2026,"Baso Cilok Kriwil",13,Pcs,10000,130000,11000,13000,143000,10%,Harian
28/01/2026,"Lumpia Goreng",11,Pcs,3000,33000,3500,5500,38500,"16,66666667%",Ritel
28/01/2026,Pastel,11,Pcs,3000,33000,2500,5500,38500,"16,66666667%",Harian
28/01/2026,"Risol Mayo",97,Pcs,3000,291000,3500,48500,339500,"16,66666667%",Harian
30/01/2026,"Chocolatos Sweet",24,Pcs,"916,6666667",22000,2000,26000,48000,"118,1818182%",Ritel
30/01/2026,"Top Black",24,Pcs,875,21000,1000,3000,24000,"14,28571429%",Harian
30/01/2026,"Nabati Wafer Keju",1,Pcs,9000,9000,12000,3000,12000,"33,33333333%",Harian
30/01/2026,"Ahh Cokelat",48,Pcs,375,18000,500,6000,24000,"33,33333333%",Ritel
30/01/2026,Superstar,40,Pcs,500,20000,1250,20000,40000,100%,Harian
30/01/2026,Bengbeng,34,Pcs,"2176,470588",74000,3000,28000,102000,"37,83783784%",Ritel
30/01/2026,"Good Day Moccacino",10,Pcs,1500,15000,2000,25000,40000,"166,6666667%",Ritel
30/01/2026,"Permen Kopiko",50,Pcs,200,10000,700,6650,16650,"66,5%",Harian
30/01/2026,"Permen Relaxa",50,Pcs,140,7000,640,9650,16650,"137,8571429%",Harian
